ID_KEL;Nama_provinsi;nama_kota;nama_kecamatan;nama_kelurahan;SUSPEK;Perawatan RS;Isolasi di Rumah;Suspek Meninggal;Selesai Isolasi;PROBABLE;Perawatan RS;Isolasi di Rumah;Probable Meninggal;Selesai Isolasi;PELAKU PERJALANAN;Perawatan RS;Isolasi di Rumah;Selesai Isolasi;KONTAK ERAT;Perawatan RS;Isolasi di Rumah;Selesai Isolasi;DISCARDED;Isolasi di Rumah;Meninggal;Selesai Isolasi;POSITIF;Dirawat;Sembuh;Meninggal;Self Isolation;Keterangan
;;;;TOTAL;1111539;119;55662;2311;1053447;15319;660;0;8602;6057;68515;0;7818;60697;1458933;0;54713;1404220;19645;0;1;19644;445302;6769;422121;7557;8855;
3172051003;DKI JAKARTA;JAKARTA UTARA;PADEMANGAN;ANCOL;3022;1;308;0;2713;12;0;0;0;12;195;0;17;178;2497;0;74;2423;19;0;0;19;1028;12;995;14;7;
3173041007;DKI JAKARTA;JAKARTA BARAT;TAMBORA;ANGKE;2181;0;64;2;2115;4;0;0;2;2;55;0;11;44;1884;0;73;1811;31;0;0;31;866;25;795;14;32;
3175041005;DKI JAKARTA;JAKARTA TIMUR;KRAMAT JATI;BALE KAMBANG;1672;0;67;1;1604;16;0;0;0;16;27;0;4;23;2608;0;85;2523;37;0;0;37;1081;20;1007;22;32;
3175031003;DKI JAKARTA;JAKARTA TIMUR;JATINEGARA;BALI MESTER;599;0;31;1;567;8;0;0;0;8;13;0;0;13;1075;0;26;1049;17;0;0;17;417;6;392;8;11;
3175101006;DKI JAKARTA;JAKARTA TIMUR;CIPAYUNG;BAMBU APUS;2457;0;107;1;2349;33;3;0;0;30;22;0;1;21;3326;0;147;3179;32;0;0;32;1274;19;1152;19;84;
3174031002;DKI JAKARTA;JAKARTA SELATAN;MAMPANG PRAPATAN;BANGKA;2326;1;86;2;2237;12;0;0;1;11;52;0;1;51;3073;0;94;2979;14;0;0;14;997;10;959;13;15;
3175051002;DKI JAKARTA;JAKARTA TIMUR;PASAR REBO;BARU;2397;0;109;1;2287;39;3;0;0;36;20;0;1;19;2171;0;71;2100;22;0;0;22;1378;9;1328;19;22;
3175041004;DKI JAKARTA;JAKARTA TIMUR;KRAMAT JATI;BATU AMPAR;2968;0;157;1;2810;19;4;0;0;15;32;0;2;30;4810;0;109;4701;35;0;0;35;1961;17;1871;35;38;
3171071002;DKI JAKARTA;JAKARTA PUSAT;TANAH ABANG;BENDUNGAN HILIR;2823;0;112;0;2711;20;0;0;0;20;30;0;1;29;3043;0;87;2956;25;0;0;25;1159;14;1110;18;17;
3175031002;DKI JAKARTA;JAKARTA TIMUR;JATINEGARA;BIDARA CINA;2158;0;101;3;2054;26;7;0;0;19;50;0;4;46;3106;0;64;3042;58;0;0;58;1524;10;1444;32;38;
3174101002;DKI JAKARTA;JAKARTA SELATAN;PESANGGRAHAN;BINTARO;5116;0;205;2;4909;16;0;0;0;16;154;0;9;145;4908;0;137;4771;37;0;0;37;1992;20;1891;44;37;
3174011005;DKI JAKARTA;JAKARTA SELATAN;TEBET;BUKIT DURI;2395;0;136;3;2256;27;0;0;0;27;31;0;6;25;2346;0;73;2273;29;0;0;29;1132;11;1075;21;25;
3171041006;DKI JAKARTA;JAKARTA PUSAT;SENEN;BUNGUR;1298;0;68;2;1228;19;2;0;0;17;35;0;0;35;2005;0;52;1953;36;0;0;36;791;16;744;19;12;
3175061007;DKI JAKARTA;JAKARTA TIMUR;CAKUNG;CAKUNG BARAT;2035;0;92;1;1942;23;5;0;0;18;32;0;0;32;2618;0;67;2551;79;0;0;79;1217;18;1164;15;20;
3175061004;DKI JAKARTA;JAKARTA TIMUR;CAKUNG;CAKUNG TIMUR;2488;1;141;2;2344;35;5;0;2;28;42;0;6;36;3512;0;121;3391;74;0;0;74;1573;25;1471;30;47;
3175041007;DKI JAKARTA;JAKARTA TIMUR;KRAMAT JATI;CAWANG;2145;0;74;0;2071;14;2;0;0;12;31;0;4;27;3855;0;107;3748;34;0;0;34;1604;17;1547;21;19;
3175101008;DKI JAKARTA;JAKARTA TIMUR;CIPAYUNG;CEGER;1640;0;56;0;1584;31;9;0;0;22;11;0;0;11;1794;0;45;1749;16;0;0;16;994;2;962;17;13;
3171031006;DKI JAKARTA;JAKARTA PUSAT;KEMAYORAN;CEMPAKA BARU;2691;0;100;2;2589;7;0;0;1;6;27;0;2;25;3476;0;72;3404;52;0;0;52;1627;11;1557;33;26;
3171051002;DKI JAKARTA;JAKARTA PUSAT;CEMPAKA PUTIH;CEMPAKA PUTIH BARAT;4880;1;172;2;4705;46;0;0;1;45;156;0;12;144;6004;0;162;5842;96;0;0;96;2155;32;2029;43;51;
3171051001;DKI JAKARTA;JAKARTA PUSAT;CEMPAKA PUTIH;CEMPAKA PUTIH TIMUR;4504;0;297;1;4206;30;1;0;1;28;115;0;4;111;5258;0;174;5084;84;0;0;84;1508;27;1434;23;24;
3173011001;DKI JAKARTA;JAKARTA BARAT;CENGKARENG;CENGKARENG BARAT;5117;0;176;1;4940;29;14;0;0;15;59;0;1;58;8475;0;225;8250;25;0;0;25;2896;49;2741;55;51;
3173011006;DKI JAKARTA;JAKARTA BARAT;CENGKARENG;CENGKARENG TIMUR;5253;0;264;7;4982;21;1;0;0;20;92;0;2;90;7061;0;237;6824;21;0;0;21;3060;76;2816;62;106;
3175091002;DKI JAKARTA;JAKARTA TIMUR;CIRACAS;CIBUBUR;5245;0;162;4;5079;55;6;0;0;49;61;0;7;54;7566;0;214;7352;106;0;0;106;2784;25;2657;48;54;
3171011002;DKI JAKARTA;JAKARTA PUSAT;GAMBIR;CIDENG;1907;1;66;2;1838;10;1;0;0;9;46;0;1;45;2447;0;45;2402;18;0;0;18;826;20;772;13;21;
3174091003;DKI JAKARTA;JAKARTA SELATAN;JAGAKARSA;CIGANJUR;3921;3;127;1;3790;10;1;0;0;9;28;0;1;27;3589;0;110;3479;22;0;0;22;1798;30;1667;29;72;
3175051003;DKI JAKARTA;JAKARTA TIMUR;PASAR REBO;CIJANTUNG;3919;1;121;3;3794;47;3;0;0;44;74;0;24;50;3102;0;108;2994;35;0;0;35;2049;20;1924;52;53;
3171061003;DKI JAKARTA;JAKARTA PUSAT;MENTENG;CIKINI;773;0;28;0;745;5;0;0;0;5;72;0;4;68;1295;0;46;1249;13;0;0;13;349;1;330;8;10;
3174081006;DKI JAKARTA;JAKARTA SELATAN;PANCORAN;CIKOKO;843;0;22;0;821;5;0;0;0;5;14;0;0;14;1178;0;27;1151;4;0;0;4;541;6;518;7;10;
3174061001;DKI JAKARTA;JAKARTA SELATAN;CILANDAK;CILANDAK BARAT;7399;0;293;5;7101;15;0;0;1;14;251;0;26;225;8930;0;325;8605;50;0;0;50;2802;37;2673;40;52;
3174041003;DKI JAKARTA;JAKARTA SELATAN;PASAR MINGGU;CILANDAK TIMUR;2792;1;111;1;2679;16;0;0;0;16;49;0;4;45;3111;0;95;3016;114;0;0;114;1389;23;1330;18;18;
3175101002;DKI JAKARTA;JAKARTA TIMUR;CIPAYUNG;CILANGKAP;2170;0;92;1;2077;46;8;0;0;38;29;0;0;29;3969;0;127;3842;25;0;0;25;1524;21;1462;11;30;
3175041006;DKI JAKARTA;JAKARTA TIMUR;KRAMAT JATI;CILILITAN;2222;0;137;1;2084;20;1;0;0;19;61;0;16;45;5164;0;140;5024;60;0;0;60;1732;30;1613;31;58;
3172041001;DKI JAKARTA;JAKARTA UTARA;CILINCING;CILINCING;3044;1;63;1;2979;23;1;0;0;22;33;0;4;29;3061;0;86;2975;139;0;0;139;1354;14;1293;33;14;
3175101001;DKI JAKARTA;JAKARTA TIMUR;CIPAYUNG;CIPAYUNG;3580;0;120;2;3458;36;3;0;1;32;43;0;4;39;3997;0;117;3880;56;0;0;56;1783;10;1723;25;25;
3174091006;DKI JAKARTA;JAKARTA SELATAN;JAGAKARSA;CIPEDAK;4224;1;102;0;4121;12;1;0;0;11;23;0;4;19;3310;0;93;3217;19;0;0;19;1669;20;1591;17;41;
3174061005;DKI JAKARTA;JAKARTA SELATAN;CILANDAK;CIPETE SELATAN;4214;0;199;1;4014;5;0;0;0;5;195;0;86;109;6448;0;262;6186;11;0;0;11;1329;16;1273;24;16;
3174071010;DKI JAKARTA;JAKARTA SELATAN;KEBAYORAN BARU;CIPETE UTARA;3296;0;88;3;3205;4;0;0;0;4;25;0;2;23;2682;0;105;2577;16;0;0;16;1485;28;1405;28;24;
3175021003;DKI JAKARTA;JAKARTA TIMUR;PULO GADUNG;CIPINANG;2320;0;126;2;2192;30;7;0;1;22;29;0;2;27;4478;0;133;4345;74;0;0;74;1963;27;1842;51;43;
3175031007;DKI JAKARTA;JAKARTA TIMUR;JATINEGARA;CIPINANG BESAR SELATAN;1760;0;82;2;1676;19;2;0;0;17;26;0;2;24;2878;0;91;2787;61;0;0;61;1245;15;1177;23;30;
3175031008;DKI JAKARTA;JAKARTA TIMUR;JATINEGARA;CIPINANG BESAR UTARA;2131;0;115;0;2016;18;2;0;0;16;15;0;1;14;3204;0;68;3136;42;0;0;42;1448;9;1389;36;14;
3175031005;DKI JAKARTA;JAKARTA TIMUR;JATINEGARA;CIPINANG CEMPEDAK;1864;1;109;2;1752;23;1;0;0;22;42;0;0;42;3069;0;79;2990;46;0;0;46;1274;10;1209;32;23;
3175081005;DKI JAKARTA;JAKARTA TIMUR;MAKASAR;CIPINANG MELAYU;2585;0;131;2;2452;17;2;0;0;15;36;0;2;34;3955;0;110;3845;36;0;0;36;1880;22;1785;38;35;
3175031006;DKI JAKARTA;JAKARTA TIMUR;JATINEGARA;CIPINANG MUARA;3080;0;138;1;2941;58;4;0;0;54;62;0;7;55;5246;0;152;5094;67;0;0;67;2397;33;2284;45;35;
3174051003;DKI JAKARTA;JAKARTA SELATAN;KEBAYORAN LAMA;CIPULIR;3364;2;143;4;3215;24;1;0;0;23;25;0;7;18;2253;0;87;2166;16;0;0;16;1382;45;1290;22;25;
3175091001;DKI JAKARTA;JAKARTA TIMUR;CIRACAS;CIRACAS;5489;0;131;9;5349;76;10;0;0;66;102;0;4;98;6838;0;252;6586;56;0;0;56;2636;31;2492;54;59;
3175041003;DKI JAKARTA;JAKARTA TIMUR;KRAMAT JATI;DUKUH;1802;0;80;1;1721;8;1;0;0;7;21;0;4;17;2966;0;89;2877;24;0;0;24;1081;9;1038;16;18;
3175071001;DKI JAKARTA;JAKARTA TIMUR;DUREN SAWIT;DUREN SAWIT;4345;2;190;3;4150;73;5;0;0;68;93;0;6;87;7021;0;208;6813;78;0;0;78;2915;36;2786;54;39;
3174081004;DKI JAKARTA;JAKARTA SELATAN;PANCORAN;DUREN TIGA;2483;0;108;0;2375;8;2;0;0;6;50;0;0;50;3215;0;110;3105;11;0;0;11;1166;13;1108;21;24;
3173051005;DKI JAKARTA;JAKARTA BARAT;KEBON JERUK;DURI KEPA;3875;0;281;2;3592;41;2;0;0;39;60;0;9;51;5120;0;186;4934;81;0;0;81;2087;43;1961;33;50;
3173011002;DKI JAKARTA;JAKARTA BARAT;CENGKARENG;DURI KOSAMBI;4104;0;171;3;3930;8;1;0;0;7;21;0;2;19;5223;0;220;5003;16;0;0;16;2457;79;2282;33;63;
3171011006;DKI JAKARTA;JAKARTA PUSAT;GAMBIR;DURI PULO;1736;1;58;3;1674;4;0;0;0;4;18;0;0;18;2013;0;51;1962;8;0;0;8;771;11;714;16;30;
3173041011;DKI JAKARTA;JAKARTA BARAT;TAMBORA;DURI SELATAN;1054;0;33;1;1020;1;0;0;0;1;48;0;11;37;967;0;35;932;7;0;0;7;363;5;337;8;13;
3173041003;DKI JAKARTA;JAKARTA BARAT;TAMBORA;DURI UTARA;1547;0;42;2;1503;3;0;0;0;3;37;0;10;27;1330;0;52;1278;5;0;0;5;582;10;541;15;16;
3171081003;DKI JAKARTA;JAKARTA PUSAT;JOHAR BARU;GALUR;1383;1;79;0;1303;9;0;0;0;9;14;0;1;13;1774;0;44;1730;58;0;0;58;540;13;503;18;6;
3171011001;DKI JAKARTA;JAKARTA PUSAT;GAMBIR;GAMBIR;880;0;29;0;851;6;0;0;0;6;100;0;13;87;3756;0;101;3655;9;0;0;9;659;9;633;9;8;
3174061004;DKI JAKARTA;JAKARTA SELATAN;CILANDAK;GANDARIA SELATAN;1392;0;69;0;1323;7;1;0;0;6;35;0;6;29;2419;0;79;2340;10;0;0;10;910;4;865;14;27;
3174071009;DKI JAKARTA;JAKARTA SELATAN;KEBAYORAN BARU;GANDARIA UTARA;3487;0;110;2;3375;7;0;0;0;7;32;0;9;23;3128;0;108;3020;13;0;0;13;1811;25;1707;32;47;
3175051001;DKI JAKARTA;JAKARTA TIMUR;PASAR REBO;GEDONG;3382;0;98;0;3284;35;4;0;0;31;24;0;4;20;2905;0;119;2786;29;0;0;29;1657;22;1573;36;26;
3171071001;DKI JAKARTA;JAKARTA PUSAT;TANAH ABANG;GELORA;533;0;29;1;503;1;0;0;0;1;83;0;1;82;1001;0;62;939;1;0;0;1;297;6;282;4;5;
3173031007;DKI JAKARTA;JAKARTA BARAT;TAMAN SARI;GLODOK;711;0;56;0;655;1;1;0;0;0;1336;0;281;1055;1192;0;25;1167;6;0;0;6;356;4;330;10;12;
3171061004;DKI JAKARTA;JAKARTA PUSAT;MENTENG;GONDANGDIA;741;0;35;1;705;13;0;0;1;12;984;0;43;941;2461;0;120;2341;8;0;0;8;356;10;337;4;5;
3173021001;DKI JAKARTA;JAKARTA BARAT;GROGOL PETAMBURAN;GROGOL;2832;0;140;4;2688;11;1;0;0;10;107;0;9;98;4350;0;107;4243;46;0;0;46;1166;17;1097;22;30;
3174051005;DKI JAKARTA;JAKARTA SELATAN;KEBAYORAN LAMA;GROGOL SELATAN;3764;0;155;5;3604;22;0;0;0;22;44;0;6;38;2992;0;140;2852;20;0;0;20;1530;18;1442;31;39;
3174051004;DKI JAKARTA;JAKARTA SELATAN;KEBAYORAN LAMA;GROGOL UTARA;3620;0;144;4;3472;15;1;0;0;14;55;0;6;49;3066;0;155;2911;27;0;0;27;1600;30;1505;40;25;
3174021007;DKI JAKARTA;JAKARTA SELATAN;SETIA BUDI;GUNTUR;443;0;14;0;429;7;0;0;0;7;12;0;2;10;755;0;22;733;3;0;0;3;217;3;209;3;2;
3174071002;DKI JAKARTA;JAKARTA SELATAN;KEBAYORAN BARU;GUNUNG;3534;0;263;3;3268;5;0;0;0;5;84;0;4;80;9414;0;302;9112;5;0;0;5;1186;32;1106;16;32;
3171031005;DKI JAKARTA;JAKARTA PUSAT;KEMAYORAN;GUNUNG SAHARI SELATAN;1532;0;63;1;1468;8;0;0;0;8;60;0;23;37;3544;0;65;3479;14;0;0;14;1006;10;967;16;13;
3171021004;DKI JAKARTA;JAKARTA PUSAT;SAWAH BESAR;GUNUNG SAHARI UTARA;1416;1;117;1;1297;12;1;0;1;10;38;0;1;37;2456;0;95;2361;33;0;0;33;838;15;791;18;14;
3175081004;DKI JAKARTA;JAKARTA TIMUR;MAKASAR;HALIM PERDANA KUSUMAH;2591;0;294;2;2295;21;7;0;0;14;232;0;41;191;6055;0;159;5896;15;0;0;15;2274;71;2158;24;21;
3171031003;DKI JAKARTA;JAKARTA PUSAT;KEMAYORAN;HARAPAN MULIA;1927;0;99;3;1825;12;0;0;0;12;31;0;6;25;2356;0;66;2290;37;0;0;37;1013;11;965;18;19;
3174091001;DKI JAKARTA;JAKARTA SELATAN;JAGAKARSA;JAGAKARSA;6107;0;180;2;5925;24;0;0;0;24;28;0;2;26;5594;0;186;5408;37;0;0;37;3169;34;2985;54;96;
3175021007;DKI JAKARTA;JAKARTA TIMUR;PULO GADUNG;JATI;2657;0;166;1;2490;17;0;0;0;17;52;0;5;47;4020;0;125;3895;94;0;0;94;1432;19;1365;26;22;
3174041002;DKI JAKARTA;JAKARTA SELATAN;PASAR MINGGU;JATI PADANG;3787;1;108;2;3676;14;2;0;0;12;31;0;5;26;3746;0;101;3645;84;0;0;84;1813;13;1730;35;35;
3173071004;DKI JAKARTA;JAKARTA BARAT;PALMERAH;JATI PULO;2441;0;83;4;2354;8;0;0;0;8;31;0;4;27;2688;0;64;2624;67;0;0;67;1013;19;925;29;40;
3175061001;DKI JAKARTA;JAKARTA TIMUR;CAKUNG;JATINEGARA;3806;2;170;3;3631;36;7;0;1;28;20;0;1;19;5561;0;113;5448;67;0;0;67;2349;29;2243;41;36;
3175021004;DKI JAKARTA;JAKARTA TIMUR;PULO GADUNG;JATINEGARA KAUM;1290;0;60;0;1230;7;1;0;1;5;12;0;1;11;1977;0;61;1916;20;0;0;20;864;9;823;21;11;
3173021004;DKI JAKARTA;JAKARTA BARAT;GROGOL PETAMBURAN;JELAMBAR;2592;0;89;5;2498;15;0;0;0;15;73;0;5;68;4178;0;85;4093;32;0;0;32;1596;33;1508;27;28;
3173021006;DKI JAKARTA;JAKARTA BARAT;GROGOL PETAMBURAN;JELAMBAR BARU;2292;0;103;2;2187;11;0;0;0;11;47;0;12;35;3349;0;107;3242;29;0;0;29;1378;27;1299;22;30;
3173041006;DKI JAKARTA;JAKARTA BARAT;TAMBORA;JEMBATAN BESI;1791;0;50;1;1740;3;0;0;0;3;41;0;8;33;1727;0;49;1678;16;0;0;16;763;17;716;15;15;
3173041008;DKI JAKARTA;JAKARTA BARAT;TAMBORA;JEMBATAN LIMA;1357;0;57;0;1300;1;0;0;0;1;41;0;4;37;1341;0;38;1303;8;0;0;8;607;18;562;10;17;
3173081005;DKI JAKARTA;JAKARTA BARAT;KEMBANGAN;JOGLO;3067;0;158;4;2905;49;0;0;0;49;26;0;3;23;3126;0;140;2986;17;0;0;17;1713;13;1632;20;48;
3171081001;DKI JAKARTA;JAKARTA PUSAT;JOHAR BARU;JOHAR BARU;4032;0;145;3;3884;43;2;0;0;41;58;0;2;56;6321;0;161;6160;148;0;0;148;2042;34;1902;45;61;
3173041002;DKI JAKARTA;JAKARTA BARAT;TAMBORA;KALI ANYAR;1499;1;35;0;1463;5;0;0;0;5;55;0;11;44;1380;0;41;1339;14;0;0;14;592;14;549;16;13;
3172041004;DKI JAKARTA;JAKARTA UTARA;CILINCING;KALI BARU;3239;2;76;5;3156;46;0;0;0;46;30;0;3;27;2183;0;101;2082;70;0;0;70;824;17;770;26;11;
3174081002;DKI JAKARTA;JAKARTA SELATAN;PANCORAN;KALIBATA;3238;1;128;3;3106;19;2;0;0;17;111;0;6;105;4750;0;123;4627;22;0;0;22;1959;27;1856;40;36;
3173061001;DKI JAKARTA;JAKARTA BARAT;KALI DERES;KALIDERES;5932;0;216;4;5712;25;1;0;0;24;133;0;20;113;6772;0;134;6638;43;0;0;43;2456;38;2330;44;44;
3175051004;DKI JAKARTA;JAKARTA TIMUR;PASAR REBO;KALISARI;4744;1;106;0;4637;62;2;0;0;60;35;0;3;32;3566;0;129;3437;24;0;0;24;2209;20;2105;37;47;
3173061004;DKI JAKARTA;JAKARTA BARAT;KALI DERES;KAMAL;1924;0;69;3;1852;8;0;0;0;8;31;0;0;31;2306;0;52;2254;8;0;0;8;815;21;751;21;22;
3172011002;DKI JAKARTA;JAKARTA UTARA;PENJARINGAN;KAMAL MUARA;1027;0;75;0;952;2;0;0;0;2;499;0;12;487;2472;0;90;2382;2;0;0;2;478;19;447;5;7;
3171071007;DKI JAKARTA;JAKARTA PUSAT;TANAH ABANG;KAMPUNG BALI;943;0;20;2;921;6;0;0;0;6;796;0;0;796;1481;0;16;1465;5;0;0;5;402;5;379;9;9;
3175031001;DKI JAKARTA;JAKARTA TIMUR;JATINEGARA;KAMPUNG MELAYU;1278;0;37;5;1236;14;2;0;0;12;32;0;1;31;1572;0;47;1525;24;0;0;24;762;9;719;9;25;
3171081002;DKI JAKARTA;JAKARTA PUSAT;JOHAR BARU;KAMPUNG RAWA;2007;0;73;0;1934;22;0;0;0;22;27;0;3;24;2423;0;57;2366;79;0;0;79;782;20;732;20;10;
3175041002;DKI JAKARTA;JAKARTA TIMUR;KRAMAT JATI;KAMPUNG TENGAH;2633;1;137;1;2494;25;3;0;0;22;25;0;1;24;4462;0;125;4337;65;0;0;65;1719;39;1589;45;46;
3173011005;DKI JAKARTA;JAKARTA BARAT;CENGKARENG;KAPUK;5736;2;282;16;5436;11;0;0;0;11;49;0;2;47;6878;0;235;6643;24;0;0;24;3396;126;3062;88;120;
3172011003;DKI JAKARTA;JAKARTA UTARA;PENJARINGAN;KAPUK MUARA;2727;0;228;0;2499;4;0;0;0;4;57;0;6;51;4913;0;194;4719;33;0;0;33;1383;44;1299;19;21;
3171021002;DKI JAKARTA;JAKARTA PUSAT;SAWAH BESAR;KARANG ANYAR;2368;2;88;5;2273;14;0;0;1;13;209;0;4;205;3548;0;77;3471;19;0;0;19;945;23;882;22;18;
3174021004;DKI JAKARTA;JAKARTA SELATAN;SETIA BUDI;KARET;1093;0;47;0;1046;6;0;0;0;6;26;0;2;24;1849;0;52;1797;9;0;0;9;596;3;573;10;10;
3174021003;DKI JAKARTA;JAKARTA SELATAN;SETIA BUDI;KARET KUNINGAN;2395;0;113;1;2281;8;0;0;1;7;2610;0;446;2164;5233;0;231;5002;7;0;0;7;1549;12;1480;25;32;
3174021002;DKI JAKARTA;JAKARTA SELATAN;SETIA BUDI;KARET SEMANGGI;390;0;14;1;375;0;0;0;0;0;24;0;5;19;819;0;48;771;3;0;0;3;187;6;169;4;8;
3171071003;DKI JAKARTA;JAKARTA PUSAT;TANAH ABANG;KARET TENGSIN;2950;0;266;0;2684;39;2;0;0;37;874;0;217;657;4334;0;210;4124;14;0;0;14;941;10;883;19;29;
3171021003;DKI JAKARTA;JAKARTA PUSAT;SAWAH BESAR;KARTINI;1854;0;75;1;1778;5;0;0;0;5;117;0;1;116;2773;0;62;2711;23;0;0;23;913;10;869;20;14;
3175011003;DKI JAKARTA;JAKARTA TIMUR;MATRAMAN;KAYU MANIS;2408;0;82;0;2326;38;3;0;1;34;30;0;2;28;3056;0;67;2989;65;0;0;65;1205;12;1162;19;12;
3175021006;DKI JAKARTA;JAKARTA TIMUR;PULO GADUNG;KAYU PUTIH;4071;0;125;4;3942;23;1;0;1;21;4520;0;273;4247;8851;0;1322;7529;123;0;0;123;1810;46;1696;30;38;
3173031006;DKI JAKARTA;JAKARTA BARAT;TAMAN SARI;KEAGUNGAN;1355;0;45;0;1310;4;0;0;0;4;14;0;0;14;1384;0;30;1354;15;0;0;15;578;8;561;6;3;
3174041007;DKI JAKARTA;JAKARTA SELATAN;PASAR MINGGU;KEBAGUSAN;4183;0;141;1;4041;22;2;0;0;20;22;0;2;20;3649;0;99;3550;48;0;0;48;1914;13;1833;29;39;
3174051006;DKI JAKARTA;JAKARTA SELATAN;KEBAYORAN LAMA;KEBAYORAN LAMA SELATAN;5058;3;211;0;4844;37;1;0;0;36;21;0;2;19;3220;0;112;3108;22;0;0;22;1894;17;1801;38;38;
3174051001;DKI JAKARTA;JAKARTA SELATAN;KEBAYORAN LAMA;KEBAYORAN LAMA UTARA;4209;0;176;1;4032;15;1;0;0;14;53;0;13;40;2810;0;108;2702;12;0;0;12;1557;25;1466;31;35;
3174011004;DKI JAKARTA;JAKARTA SELATAN;TEBET;KEBON BARU;2495;0;83;2;2410;12;3;0;0;9;38;0;11;27;2887;0;136;2751;34;0;0;34;1371;15;1301;33;22;
3172021005;DKI JAKARTA;JAKARTA UTARA;TANJUNG PRIOK;KEBON BAWANG;4324;0;138;1;4185;16;2;0;0;14;82;0;8;74;5303;0;134;5169;187;0;0;187;2007;42;1921;25;19;
3173051001;DKI JAKARTA;JAKARTA BARAT;KEBON JERUK;KEBON JERUK;4977;0;307;5;4665;20;1;0;0;19;58;0;10;48;7630;0;224;7406;77;0;0;77;2933;42;2738;53;100;
3171071006;DKI JAKARTA;JAKARTA PUSAT;TANAH ABANG;KEBON KACANG;2092;0;57;1;2034;15;0;0;0;15;141;0;4;137;2014;0;38;1976;15;0;0;15;922;13;872;19;18;
3171011005;DKI JAKARTA;JAKARTA PUSAT;GAMBIR;KEBON KELAPA;859;0;44;1;814;6;0;0;0;6;552;0;1;551;2403;0;45;2358;12;0;0;12;478;8;449;8;13;
3171031002;DKI JAKARTA;JAKARTA PUSAT;KEMAYORAN;KEBON KOSONG;4287;0;160;5;4122;11;0;0;0;11;1717;0;10;1707;6910;0;342;6568;52;0;0;52;1849;52;1754;21;22;
3175011005;DKI JAKARTA;JAKARTA TIMUR;MATRAMAN;KEBON MANGGIS;1463;0;42;4;1417;13;0;0;0;13;63;0;3;60;1915;0;60;1855;44;0;0;44;819;6;773;20;20;
3171071005;DKI JAKARTA;JAKARTA PUSAT;TANAH ABANG;KEBON MELATI;2698;0;87;3;2608;25;2;0;0;23;67;0;3;64;3138;0;57;3081;11;0;0;11;1231;19;1168;27;17;
3175081003;DKI JAKARTA;JAKARTA TIMUR;MAKASAR;KEBON PALA;2603;1;142;1;2459;13;0;0;0;13;30;0;2;28;4370;0;126;4244;40;0;0;40;2080;28;1990;41;21;
3171061005;DKI JAKARTA;JAKARTA PUSAT;MENTENG;KEBON SIRIH;918;0;34;2;882;18;2;0;0;16;383;0;4;379;1366;0;35;1331;29;0;0;29;530;7;486;9;28;
3173011004;DKI JAKARTA;JAKARTA BARAT;CENGKARENG;KEDAUNG KALI ANGKE;2346;0;48;0;2298;3;1;0;0;2;17;0;2;15;2496;0;73;2423;11;0;0;11;1165;25;1089;20;31;
3173051007;DKI JAKARTA;JAKARTA BARAT;KEBON JERUK;KEDOYA SELATAN;2475;0;161;5;2309;17;0;0;0;17;35;0;2;33;3471;0;101;3370;26;0;0;26;1227;27;1142;32;26;
3173051006;DKI JAKARTA;JAKARTA BARAT;KEBON JERUK;KEDOYA UTARA;2954;1;163;2;2788;8;0;0;0;8;42;0;2;40;4871;0;161;4710;31;0;0;31;1663;40;1566;26;31;
3173051004;DKI JAKARTA;JAKARTA BARAT;KEBON JERUK;KELAPA DUA;1948;0;109;0;1839;7;0;0;0;7;26;0;5;21;2944;0;97;2847;30;0;0;30;1054;16;987;15;36;
3175091003;DKI JAKARTA;JAKARTA TIMUR;CIRACAS;KELAPA DUA WETAN;3630;0;108;1;3521;32;4;0;0;28;34;0;2;32;5170;0;263;4907;42;0;0;42;2097;29;1967;35;66;
3172061003;DKI JAKARTA;JAKARTA UTARA;KELAPA GADING;KELAPA GADING BARAT;5410;0;204;3;5203;16;1;0;1;14;281;0;62;219;5422;0;204;5218;570;0;0;570;2211;33;2109;31;38;
3172061001;DKI JAKARTA;JAKARTA UTARA;KELAPA GADING;KELAPA GADING TIMUR;4721;0;172;2;4547;22;0;0;0;22;224;0;66;158;5464;0;201;5263;338;0;0;338;2067;23;1960;37;47;
3173071005;DKI JAKARTA;JAKARTA BARAT;PALMERAH;KEMANGGISAN;3200;0;136;6;3058;6;0;0;0;6;42;0;4;38;3940;0;113;3827;63;0;0;63;1594;22;1506;33;33;
3171031001;DKI JAKARTA;JAKARTA PUSAT;KEMAYORAN;KEMAYORAN;3080;0;55;3;3022;11;1;0;0;10;110;0;56;54;4441;0;218;4223;52;0;0;52;1537;53;1447;26;11;
3173081006;DKI JAKARTA;JAKARTA BARAT;KEMBANGAN;KEMBANGAN SELATAN;2225;0;144;1;2080;8;0;0;0;8;39;0;3;36;3156;0;131;3025;59;0;0;59;1161;29;1098;15;19;
3173081001;DKI JAKARTA;JAKARTA BARAT;KEMBANGAN;KEMBANGAN UTARA;3075;0;167;3;2905;18;0;0;1;17;31;0;5;26;5366;0;198;5168;18;0;0;18;1828;21;1730;29;48;
3171041002;DKI JAKARTA;JAKARTA PUSAT;SENEN;KENARI;1190;0;63;1;1126;6;0;0;0;6;34;0;2;32;1948;0;54;1894;63;0;0;63;603;8;572;6;17;
3173041005;DKI JAKARTA;JAKARTA BARAT;TAMBORA;KERENDANG;1571;0;28;2;1541;3;0;0;0;3;69;0;13;56;1235;0;40;1195;9;0;0;9;575;9;543;12;11;
3175071003;DKI JAKARTA;JAKARTA TIMUR;DUREN SAWIT;KLENDER;3680;0;144;2;3534;47;8;0;0;39;72;0;5;67;6413;0;155;6258;78;0;0;78;2410;25;2278;54;53;
3172031001;DKI JAKARTA;JAKARTA UTARA;KOJA;KOJA;2064;0;77;0;1987;3;0;0;0;3;39;0;6;33;2636;0;83;2553;79;0;0;79;1124;24;1066;23;11;
3173071006;DKI JAKARTA;JAKARTA BARAT;PALMERAH;KOTA BAMBU SELATAN;2165;1;130;5;2029;3;0;0;0;3;6;0;2;4;2692;0;84;2608;74;0;0;74;899;12;832;19;36;
3173071003;DKI JAKARTA;JAKARTA BARAT;PALMERAH;KOTA BAMBU UTARA;2034;4;71;11;1948;7;1;0;0;6;41;0;2;39;2919;0;64;2855;60;0;0;60;987;33;897;20;37;
3171041004;DKI JAKARTA;JAKARTA PUSAT;SENEN;KRAMAT;2107;0;97;6;2004;20;1;0;0;19;57;0;8;49;2931;0;42;2889;66;0;0;66;1044;13;987;30;14;
3175041001;DKI JAKARTA;JAKARTA TIMUR;KRAMAT JATI;KRAMAT JATI;2300;0;123;1;2176;16;0;0;0;16;51;0;5;46;3742;0;90;3652;39;0;0;39;1819;25;1731;35;28;
3174071003;DKI JAKARTA;JAKARTA SELATAN;KEBAYORAN BARU;KRAMAT PELA;1603;0;65;0;1538;0;0;0;0;0;61;0;6;55;1933;0;44;1889;14;0;0;14;540;12;518;6;4;
3173031002;DKI JAKARTA;JAKARTA BARAT;TAMAN SARI;KRUKUT;1718;0;93;6;1619;4;1;0;0;3;11;0;0;11;1716;0;45;1671;19;0;0;19;621;16;593;7;5;
3174031005;DKI JAKARTA;JAKARTA SELATAN;MAMPANG PRAPATAN;KUNINGAN BARAT;1051;0;52;1;998;5;0;0;0;5;87;0;3;84;2305;0;23;2282;7;0;0;7;540;7;518;5;10;
3174021008;DKI JAKARTA;JAKARTA SELATAN;SETIA BUDI;KUNINGAN TIMUR;1352;0;67;1;1284;4;0;0;0;4;522;0;240;282;3810;0;919;2891;12;0;0;12;784;51;714;6;13;
3171041005;DKI JAKARTA;JAKARTA PUSAT;SENEN;KWITANG;1078;0;65;0;1013;17;0;0;0;17;29;0;0;29;1659;0;34;1625;24;0;0;24;551;9;517;13;12;
3172031003;DKI JAKARTA;JAKARTA UTARA;KOJA;LAGOA;3611;0;147;1;3463;16;0;0;0;16;35;0;5;30;3079;0;92;2987;125;0;0;125;2012;29;1931;39;13;
3174061002;DKI JAKARTA;JAKARTA SELATAN;CILANDAK;LEBAK BULUS;3907;1;169;2;3735;14;2;0;0;12;457;0;22;435;12686;0;337;12349;24;0;0;24;2059;28;1957;37;37;
3174091004;DKI JAKARTA;JAKARTA SELATAN;JAGAKARSA;LENTENG AGUNG;3693;1;106;0;3586;23;3;0;0;20;20;0;0;20;3792;0;115;3677;25;0;0;25;2100;19;2016;27;38;
LUAR DKI JAKARTA;LUAR DKI JAKARTA;LUAR DKI JAKARTA;LUAR DKI JAKARTA;LUAR DKI JAKARTA;306780;19;23532;98;283131;1845;240;0;15;1590;23758;0;2944;20814;430957;0;22151;408806;5808;0;0;5808;35253;954;33118;306;875;
3175101007;DKI JAKARTA;JAKARTA TIMUR;CIPAYUNG;LUBANG BUAYA;5174;0;146;3;5025;57;14;0;0;43;46;0;5;41;4548;0;136;4412;54;0;0;54;2774;46;2581;33;114;
3175081001;DKI JAKARTA;JAKARTA TIMUR;MAKASAR;MAKASAR;2579;0;79;1;2499;16;1;0;0;15;36;0;4;32;4843;0;96;4747;33;0;0;33;1916;18;1816;37;45;
3175071006;DKI JAKARTA;JAKARTA TIMUR;DUREN SAWIT;MALAKA JAYA;1691;0;55;2;1634;30;4;0;0;26;38;0;3;35;3883;0;98;3785;30;0;0;30;1598;24;1515;35;24;
3175071005;DKI JAKARTA;JAKARTA TIMUR;DUREN SAWIT;MALAKA SARI;1721;0;75;1;1645;35;6;0;0;29;28;0;0;28;3588;0;94;3494;29;0;0;29;1490;18;1400;40;32;
3174031001;DKI JAKARTA;JAKARTA SELATAN;MAMPANG PRAPATAN;MAMPANG PRAPATAN;1855;1;62;2;1790;17;1;0;0;16;22;0;2;20;3303;0;105;3198;20;0;0;20;1301;16;1238;23;24;
3173031005;DKI JAKARTA;JAKARTA BARAT;TAMAN SARI;MANGGA BESAR;804;0;43;1;760;1;0;0;0;1;150;0;2;148;898;0;14;884;9;0;0;9;419;13;396;7;3;
3171021005;DKI JAKARTA;JAKARTA PUSAT;SAWAH BESAR;MANGGA DUA SELATAN;3440;1;391;1;3047;18;0;0;0;18;122;0;102;20;3331;0;163;3168;29;0;0;29;943;13;901;13;16;
3174011007;DKI JAKARTA;JAKARTA SELATAN;TEBET;MANGGARAI;1946;0;53;0;1893;32;1;0;0;31;40;0;10;30;2082;0;61;2021;37;0;0;37;896;4;870;13;9;
3174011006;DKI JAKARTA;JAKARTA SELATAN;TEBET;MANGGARAI SELATAN;1723;0;61;2;1660;15;1;0;1;13;17;0;4;13;1833;0;60;1773;31;0;0;31;959;12;912;24;11;
3173031003;DKI JAKARTA;JAKARTA BARAT;TAMAN SARI;MAPHAR;1271;1;66;1;1203;2;0;0;0;2;28;0;3;25;1618;0;48;1570;47;0;0;47;660;11;623;13;13;
3172041003;DKI JAKARTA;JAKARTA UTARA;CILINCING;MARUNDA;1648;0;27;0;1621;8;0;0;0;8;10;0;1;9;1202;0;22;1180;42;0;0;42;533;7;515;8;3;
3174071001;DKI JAKARTA;JAKARTA SELATAN;KEBAYORAN BARU;MELAWAI;760;0;29;0;731;2;0;0;0;2;330;0;4;326;1809;0;39;1770;3;0;0;3;269;1;263;3;2;
3171061001;DKI JAKARTA;JAKARTA PUSAT;MENTENG;MENTENG;2820;0;131;2;2687;44;2;0;0;42;231;0;84;147;3603;0;135;3468;45;0;0;45;1155;24;1088;25;18;
3174021005;DKI JAKARTA;JAKARTA SELATAN;SETIA BUDI;MENTENG ATAS;2620;0;72;3;2545;12;1;0;0;11;97;0;6;91;4056;0;58;3998;56;0;0;56;1332;11;1280;22;19;
3174011003;DKI JAKARTA;JAKARTA SELATAN;TEBET;MENTENG DALAM;3224;0;131;4;3089;23;0;0;1;22;2919;0;597;2322;5271;0;149;5122;62;0;0;62;1629;30;1532;30;37;
3173081003;DKI JAKARTA;JAKARTA BARAT;KEMBANGAN;MERUYA SELATAN;2522;0;109;1;2412;10;1;0;0;9;22;0;4;18;3122;0;100;3022;27;0;0;27;1587;21;1500;21;45;
3173081002;DKI JAKARTA;JAKARTA BARAT;KEMBANGAN;MERUYA UTARA;2958;0;199;6;2753;26;1;0;1;24;28;0;5;23;4063;0;154;3909;19;0;0;19;1851;30;1752;27;42;
3175101004;DKI JAKARTA;JAKARTA TIMUR;CIPAYUNG;MUNJUL;1690;0;42;0;1648;38;5;0;0;33;26;0;1;25;2315;0;54;2261;32;0;0;32;1108;2;1074;18;14;
3172051002;DKI JAKARTA;JAKARTA UTARA;PADEMANGAN;PADEMANGAN BARAT;7920;4;194;5;7717;39;1;0;0;38;307;0;42;265;6086;0;199;5887;58;0;0;58;2368;33;2249;54;32;
3172051001;DKI JAKARTA;JAKARTA UTARA;PADEMANGAN;PADEMANGAN TIMUR;19171;0;2370;2;16799;28;1;0;0;27;4662;0;75;4587;18891;0;1234;17657;46;0;0;46;2453;23;2256;24;150;
3175011004;DKI JAKARTA;JAKARTA TIMUR;MATRAMAN;PAL MERIAM;1949;0;73;2;1874;18;2;0;0;16;77;0;3;74;2238;0;73;2165;96;0;0;96;788;9;753;14;12;
3173071001;DKI JAKARTA;JAKARTA BARAT;PALMERAH;PALMERAH;5928;0;185;2;5741;18;0;0;0;18;54;0;2;52;7541;0;236;7305;97;0;0;97;2833;51;2637;62;83;
3174081001;DKI JAKARTA;JAKARTA SELATAN;PANCORAN;PANCORAN;2153;1;50;0;2102;5;0;0;0;5;53;0;7;46;2200;0;64;2136;13;0;0;13;1068;11;1011;18;28;
3172021003;DKI JAKARTA;JAKARTA UTARA;TANJUNG PRIOK;PAPANGGO;3066;0;87;0;2979;4;0;0;0;4;65;0;3;62;3025;0;76;2949;98;0;0;98;1217;18;1165;25;9;
3171021001;DKI JAKARTA;JAKARTA PUSAT;SAWAH BESAR;PASAR BARU;1557;0;139;2;1416;13;0;0;0;13;80;0;4;76;2788;0;51;2737;20;0;0;20;787;10;746;13;18;
3174021006;DKI JAKARTA;JAKARTA SELATAN;SETIA BUDI;PASAR MANGGIS;2293;0;54;3;2236;16;1;0;0;15;47;0;1;46;2815;0;40;2775;27;0;0;27;990;7;944;27;12;
3174041001;DKI JAKARTA;JAKARTA SELATAN;PASAR MINGGU;PASAR MINGGU;3382;1;74;1;3306;15;4;0;0;11;22;0;1;21;3253;0;69;3184;35;0;0;35;1571;18;1498;33;22;
3171041003;DKI JAKARTA;JAKARTA PUSAT;SENEN;PASEBAN;2457;0;90;1;2366;64;1;0;0;63;243;0;0;243;4413;0;110;4303;247;0;0;247;1317;28;1238;22;29;
3173061005;DKI JAKARTA;JAKARTA BARAT;KALI DERES;PEGADUNGAN;4131;1;226;7;3897;12;0;0;0;12;101;0;13;88;6402;0;218;6184;27;0;0;27;2119;47;1988;31;53;
3171061002;DKI JAKARTA;JAKARTA PUSAT;MENTENG;PEGANGSAAN;1986;0;86;2;1898;18;1;0;0;17;68;0;1;67;2825;0;84;2741;75;0;0;75;1113;8;1067;25;13;
3172061002;DKI JAKARTA;JAKARTA UTARA;KELAPA GADING;PEGANGSAAN DUA;5586;1;231;1;5353;19;1;0;0;18;142;0;27;115;5872;0;180;5692;419;0;0;419;2222;25;2108;39;50;
3172011004;DKI JAKARTA;JAKARTA UTARA;PENJARINGAN;PEJAGALAN;4505;0;231;2;4272;15;1;0;0;14;170;0;18;152;5703;0;201;5502;50;0;0;50;2575;42;2432;37;64;
3174041006;DKI JAKARTA;JAKARTA SELATAN;PASAR MINGGU;PEJATEN BARAT;3711;1;155;2;3553;31;7;0;0;24;21;0;4;17;4535;0;147;4388;93;0;0;93;1861;36;1746;27;52;
3174041005;DKI JAKARTA;JAKARTA SELATAN;PASAR MINGGU;PEJATEN TIMUR;3750;3;115;1;3631;20;4;0;0;16;29;0;3;26;4151;0;125;4026;53;0;0;53;2039;21;1924;55;39;
3175051005;DKI JAKARTA;JAKARTA TIMUR;PASAR REBO;PEKAYON;3769;0;79;1;3689;47;2;0;0;45;59;0;5;54;2419;0;78;2341;27;0;0;27;1528;20;1463;22;23;
3173041009;DKI JAKARTA;JAKARTA BARAT;TAMBORA;PEKOJAN;1654;0;48;2;1604;7;0;0;0;7;34;0;2;32;1516;0;57;1459;19;0;0;19;819;20;759;13;27;
3174031003;DKI JAKARTA;JAKARTA SELATAN;MAMPANG PRAPATAN;PELA MAMPANG;3220;1;156;2;3061;30;1;0;0;29;36;0;2;34;5791;0;161;5630;14;0;0;14;2086;24;1991;44;27;
3174081005;DKI JAKARTA;JAKARTA SELATAN;PANCORAN;PENGADEGAN;1574;1;87;2;1484;13;3;0;0;10;22;0;1;21;2410;0;84;2326;15;0;0;15;1082;15;1018;18;31;
3175061003;DKI JAKARTA;JAKARTA TIMUR;CAKUNG;PENGGILINGAN;4345;1;164;1;4179;138;35;0;0;103;61;0;3;58;6750;0;197;6553;127;0;0;127;3063;43;2891;52;77;
3172011001;DKI JAKARTA;JAKARTA UTARA;PENJARINGAN;PENJARINGAN;7400;0;192;4;7204;17;0;0;1;16;5097;0;554;4543;8390;0;192;8198;127;0;0;127;2460;57;2292;39;72;
3174101001;DKI JAKARTA;JAKARTA SELATAN;PESANGGRAHAN;PESANGGRAHAN;3351;1;145;4;3201;8;0;0;1;7;128;0;14;114;3022;0;96;2926;23;0;0;23;1113;15;1057;16;25;
3171071004;DKI JAKARTA;JAKARTA PUSAT;TANAH ABANG;PETAMBURAN;2782;0;76;7;2699;7;0;0;0;7;104;0;5;99;3014;0;77;2937;29;0;0;29;1392;30;1290;30;42;
3174071008;DKI JAKARTA;JAKARTA SELATAN;KEBAYORAN BARU;PETOGOGAN;1181;0;43;0;1138;4;0;0;0;4;14;0;3;11;1144;0;52;1092;5;0;0;5;557;4;532;8;13;
3171011004;DKI JAKARTA;JAKARTA PUSAT;GAMBIR;PETOJO SELATAN;1826;0;85;1;1740;11;3;0;0;8;71;0;3;68;2711;0;159;2552;23;0;0;23;863;9;808;15;31;
3171011003;DKI JAKARTA;JAKARTA PUSAT;GAMBIR;PETOJO UTARA;1559;2;62;3;1492;10;0;0;0;10;124;0;1;123;2057;0;72;1985;34;0;0;34;619;6;585;9;19;
3174101004;DKI JAKARTA;JAKARTA SELATAN;PESANGGRAHAN;PETUKANGAN SELATAN;3910;0;138;2;3770;3;0;0;0;3;79;0;24;55;3186;0;97;3089;17;0;0;17;1410;25;1324;20;41;
3174101003;DKI JAKARTA;JAKARTA SELATAN;PESANGGRAHAN;PETUKANGAN UTARA;4732;0;222;4;4506;21;3;0;0;18;351;0;52;299;4893;0;134;4759;19;0;0;19;2090;16;2004;22;48;
3175081002;DKI JAKARTA;JAKARTA TIMUR;MAKASAR;PINANG RANTI;1937;0;97;1;1839;20;1;0;0;19;14;0;1;13;2917;0;66;2851;38;0;0;38;1266;13;1204;24;25;
3173031008;DKI JAKARTA;JAKARTA BARAT;TAMAN SARI;PINANGSIA;1060;1;53;1;1005;3;1;0;0;2;12;0;0;12;962;0;20;942;9;0;0;9;389;8;369;5;7;
3175011001;DKI JAKARTA;JAKARTA TIMUR;MATRAMAN;PISANGAN BARU;1697;0;68;3;1626;22;3;0;0;19;59;0;4;55;2532;0;70;2462;46;0;0;46;1142;6;1089;28;19;
3175021002;DKI JAKARTA;JAKARTA TIMUR;PULO GADUNG;PISANGAN TIMUR;2563;0;110;4;2449;33;2;0;0;31;41;0;4;37;4602;0;86;4516;55;0;0;55;1733;14;1671;19;29;
3172011005;DKI JAKARTA;JAKARTA UTARA;PENJARINGAN;PLUIT;5818;0;276;4;5538;10;1;0;0;9;298;0;75;223;7654;0;369;7285;46;0;0;46;2146;57;2022;24;43;
3175071002;DKI JAKARTA;JAKARTA TIMUR;DUREN SAWIT;PONDOK BAMBU;4482;0;203;1;4278;47;1;0;0;46;184;0;15;169;7293;0;226;7067;74;0;0;74;2874;29;2739;60;46;
3175071004;DKI JAKARTA;JAKARTA TIMUR;DUREN SAWIT;PONDOK KELAPA;4397;0;208;0;4189;55;6;0;1;48;173;0;3;170;7914;0;217;7697;71;0;0;71;2841;51;2688;45;57;
3175071007;DKI JAKARTA;JAKARTA TIMUR;DUREN SAWIT;PONDOK KOPI;1857;0;58;1;1798;34;8;0;0;26;37;0;7;30;3375;0;79;3296;30;0;0;30;1362;10;1295;35;22;
3174061003;DKI JAKARTA;JAKARTA SELATAN;CILANDAK;PONDOK LABU;4235;4;142;1;4088;21;1;0;0;20;96;0;5;91;5281;0;176;5105;40;0;0;40;1930;15;1842;29;44;
3174051002;DKI JAKARTA;JAKARTA SELATAN;KEBAYORAN LAMA;PONDOK PINANG;6565;0;313;4;6248;19;1;0;0;18;133;0;25;108;6183;0;541;5642;29;0;0;29;2460;44;2306;43;67;
3175101003;DKI JAKARTA;JAKARTA TIMUR;CIPAYUNG;PONDOK RANGGON;1484;0;55;3;1426;32;7;0;0;25;8;0;0;8;2765;0;72;2693;26;0;0;26;1177;8;1116;9;44;
PROSES UPDATE DATA;PROSES UPDATE DATA;PROSES UPDATE DATA;PROSES UPDATE DATA;PROSES UPDATE DATA;64392;4;346;1700;62342;8712;14;0;8552;146;854;0;56;798;75709;0;721;74988;862;0;1;861;44535;286;43548;617;84;
3101011003;DKI JAKARTA;KAB.ADM.KEP.SERIBU;KEP. SERIBU UTARA;PULAU HARAPAN;255;0;7;0;248;0;0;0;0;0;1;0;0;1;248;0;10;238;0;0;0;0;56;1;52;3;0;
3101011002;DKI JAKARTA;KAB.ADM.KEP.SERIBU;KEP. SERIBU UTARA;PULAU KELAPA;423;0;9;1;413;0;0;0;0;0;9;0;4;5;542;0;12;530;1;0;0;1;82;0;82;0;0;
3101011001;DKI JAKARTA;KAB.ADM.KEP.SERIBU;KEP. SERIBU UTARA;PULAU PANGGANG;951;0;22;1;928;0;0;0;0;0;2;0;0;2;550;0;37;513;4;0;0;4;199;0;197;2;0;
3101021003;DKI JAKARTA;KAB.ADM.KEP.SERIBU;KEP. SERIBU SELATAN;PULAU PARI;441;0;4;0;437;0;0;0;0;0;2;0;0;2;465;0;18;447;1;0;0;1;63;0;62;0;1;
3101021002;DKI JAKARTA;KAB.ADM.KEP.SERIBU;KEP. SERIBU SELATAN;PULAU TIDUNG;677;0;12;0;665;1;0;0;1;0;5;0;0;5;1101;0;13;1088;1;0;0;1;146;0;143;3;0;
3101021001;DKI JAKARTA;KAB.ADM.KEP.SERIBU;KEP. SERIBU SELATAN;PULAU UNTUNG JAWA;355;0;4;0;351;0;0;0;0;0;1;0;0;1;321;0;4;317;0;0;0;0;37;0;36;0;1;
3174071007;DKI JAKARTA;JAKARTA SELATAN;KEBAYORAN BARU;PULO;1341;0;27;1;1313;5;0;0;0;5;173;0;2;171;1638;0;41;1597;2;0;0;2;402;5;384;5;8;
3175021001;DKI JAKARTA;JAKARTA TIMUR;PULO GADUNG;PULO GADUNG;2337;0;106;2;2229;22;0;0;0;22;56;0;3;53;3593;0;86;3507;103;0;0;103;1290;26;1200;25;39;
3175061005;DKI JAKARTA;JAKARTA TIMUR;CAKUNG;PULO GEBANG;4213;0;167;2;4044;86;15;0;0;71;29;0;1;28;6448;0;148;6300;122;0;0;122;2878;32;2743;52;51;
3174041004;DKI JAKARTA;JAKARTA SELATAN;PASAR MINGGU;RAGUNAN;4817;0;146;2;4669;13;5;0;0;8;35;0;3;32;3871;0;125;3746;37;0;0;37;1854;21;1751;34;48;
3175091005;DKI JAKARTA;JAKARTA TIMUR;CIRACAS;RAMBUTAN;2872;0;68;1;2803;21;3;0;0;18;20;0;1;19;3458;0;100;3358;36;0;0;36;1378;17;1317;28;16;
3172031006;DKI JAKARTA;JAKARTA UTARA;KOJA;RAWA BADAK SELATAN;2732;0;104;2;2626;8;1;0;0;7;17;0;1;16;2066;0;57;2009;89;0;0;89;1329;16;1273;19;21;
3172031004;DKI JAKARTA;JAKARTA UTARA;KOJA;RAWA BADAK UTARA;2813;0;100;1;2712;10;1;0;0;9;30;0;3;27;2199;0;75;2124;132;0;0;132;1169;19;1119;19;12;
3174071005;DKI JAKARTA;JAKARTA SELATAN;KEBAYORAN BARU;RAWA BARAT;828;0;42;1;785;5;3;0;0;2;11;0;5;6;846;0;39;807;3;0;0;3;348;2;334;7;5;
3173011003;DKI JAKARTA;JAKARTA BARAT;CENGKARENG;RAWA BUAYA;3056;0;147;2;2907;7;1;0;0;6;24;0;0;24;3821;0;113;3708;10;0;0;10;1769;29;1656;35;49;
3175031004;DKI JAKARTA;JAKARTA TIMUR;JATINEGARA;RAWA BUNGA;964;0;37;1;926;11;2;0;0;9;16;0;2;14;1578;0;42;1536;27;0;0;27;637;11;604;8;14;
3174081003;DKI JAKARTA;JAKARTA SELATAN;PANCORAN;RAWA JATI;1938;0;80;0;1858;6;0;0;0;6;81;0;3;78;3667;0;86;3581;13;0;0;13;1196;10;1152;15;19;
3175061002;DKI JAKARTA;JAKARTA TIMUR;CAKUNG;RAWA TERATE;909;1;35;0;873;12;1;0;0;11;7;0;2;5;1385;0;33;1352;19;0;0;19;616;10;586;11;9;
3175021005;DKI JAKARTA;JAKARTA TIMUR;PULO GADUNG;RAWAMANGUN;2977;1;144;0;2832;23;0;0;0;23;47;0;3;44;4958;0;135;4823;81;0;0;81;1850;39;1741;34;36;
3171051003;DKI JAKARTA;JAKARTA PUSAT;CEMPAKA PUTIH;RAWASARI;3976;1;169;2;3804;36;0;0;1;35;102;0;3;99;4901;0;97;4804;68;0;0;68;1733;24;1662;25;22;
3173041010;DKI JAKARTA;JAKARTA BARAT;TAMBORA;ROA MALAKA;346;0;10;0;336;1;0;0;0;1;142;0;125;17;526;0;10;516;2;0;0;2;125;2;116;2;5;
3172041006;DKI JAKARTA;JAKARTA UTARA;CILINCING;ROROTAN;2622;1;58;2;2561;15;1;0;0;14;18;0;2;16;2459;0;93;2366;108;0;0;108;1174;13;1114;17;30;
3174071004;DKI JAKARTA;JAKARTA SELATAN;KEBAYORAN BARU;SELONG;776;0;36;0;740;2;0;0;0;2;30;0;5;25;839;0;31;808;4;0;0;4;220;4;207;6;3;
3173061002;DKI JAKARTA;JAKARTA BARAT;KALI DERES;SEMANAN;3030;0;151;3;2876;14;1;0;0;13;23;0;3;20;3703;0;78;3625;13;0;0;13;1342;12;1282;28;20;
3172041007;DKI JAKARTA;JAKARTA UTARA;CILINCING;SEMPER BARAT;4416;0;185;1;4230;18;1;0;0;17;43;0;8;35;4239;0;270;3969;193;0;0;193;2079;50;1910;41;78;
3172041005;DKI JAKARTA;JAKARTA UTARA;CILINCING;SEMPER TIMUR;2347;0;59;1;2287;18;1;0;0;17;51;0;1;50;2346;0;68;2278;89;0;0;89;1068;8;1017;29;14;
3174071006;DKI JAKARTA;JAKARTA SELATAN;KEBAYORAN BARU;SENAYAN;1503;0;49;0;1454;3;0;0;0;3;81;0;14;67;1806;0;127;1679;0;0;0;0;440;11;416;1;12;
3171041001;DKI JAKARTA;JAKARTA PUSAT;SENEN;SENEN;916;0;29;0;887;11;0;0;0;11;26;0;0;26;3531;0;49;3482;37;0;0;37;508;3;490;10;5;
3171031004;DKI JAKARTA;JAKARTA PUSAT;KEMAYORAN;SERDANG;2383;1;77;2;2303;17;1;0;1;15;19;0;4;15;3118;0;69;3049;34;0;0;34;1415;18;1331;32;34;
3174021001;DKI JAKARTA;JAKARTA SELATAN;SETIA BUDI;SETIA BUDI;692;0;20;0;672;6;0;0;0;6;145;0;10;135;1744;0;55;1689;7;0;0;7;331;2;319;4;6;
3175101005;DKI JAKARTA;JAKARTA TIMUR;CIPAYUNG;SETU;1694;0;48;0;1646;21;1;0;0;20;6;0;0;6;2187;0;34;2153;16;0;0;16;871;4;836;8;23;
3173071002;DKI JAKARTA;JAKARTA BARAT;PALMERAH;SLIPI;2250;0;89;2;2159;12;0;0;0;12;24;0;10;14;3216;0;98;3118;53;0;0;53;1242;17;1186;20;19;
3173081004;DKI JAKARTA;JAKARTA BARAT;KEMBANGAN;SRENGSENG;3263;0;200;3;3060;16;0;0;1;15;49;0;13;36;4534;0;213;4321;33;0;0;33;1873;32;1721;28;92;
3174091002;DKI JAKARTA;JAKARTA SELATAN;JAGAKARSA;SRENGSENG SAWAH;4790;1;129;0;4660;29;0;0;0;29;42;0;2;40;5509;0;135;5374;48;0;0;48;2381;19;2265;48;49;
3173051003;DKI JAKARTA;JAKARTA BARAT;KEBON JERUK;SUKABUMI SELATAN;1970;0;79;4;1887;9;0;0;0;9;14;0;2;12;2470;0;67;2403;29;0;0;29;1126;21;1069;14;22;
3173051002;DKI JAKARTA;JAKARTA BARAT;KEBON JERUK;SUKABUMI UTARA;2499;1;117;3;2378;9;1;0;0;8;36;0;1;35;3190;0;98;3092;52;0;0;52;1541;20;1421;29;71;
3172041002;DKI JAKARTA;JAKARTA UTARA;CILINCING;SUKAPURA;3424;1;127;2;3294;12;0;0;0;12;55;0;5;50;3602;0;122;3480;182;0;0;182;1513;35;1439;20;19;
3171031007;DKI JAKARTA;JAKARTA PUSAT;KEMAYORAN;SUMUR BATU;2196;1;111;1;2083;12;1;0;0;11;39;0;2;37;2723;0;78;2645;54;0;0;54;1244;18;1150;25;51;
3172021004;DKI JAKARTA;JAKARTA UTARA;TANJUNG PRIOK;SUNGAI BAMBU;2579;0;69;0;2510;8;0;0;0;8;31;0;2;29;2705;0;74;2631;77;0;0;77;1115;17;1054;14;30;
3172021006;DKI JAKARTA;JAKARTA UTARA;TANJUNG PRIOK;SUNTER AGUNG;7160;2;182;1;6975;27;2;0;0;25;145;0;12;133;8101;0;241;7860;172;0;0;172;3166;48;3010;66;42;
3172021002;DKI JAKARTA;JAKARTA UTARA;TANJUNG PRIOK;SUNTER JAYA;6041;0;181;6;5854;25;1;0;0;24;277;0;50;227;7988;0;233;7755;261;0;0;261;3025;55;2858;61;51;
3175091004;DKI JAKARTA;JAKARTA TIMUR;CIRACAS;SUSUKAN;3178;0;120;1;3057;21;3;0;0;18;44;0;3;41;4640;0;109;4531;77;0;0;77;1431;21;1358;35;17;
3173031001;DKI JAKARTA;JAKARTA BARAT;TAMAN SARI;TAMAN SARI;1440;0;87;0;1353;5;0;0;1;4;49;0;3;46;1650;0;31;1619;21;0;0;21;695;12;667;12;4;
3173041001;DKI JAKARTA;JAKARTA BARAT;TAMBORA;TAMBORA;1275;0;23;3;1249;6;0;0;0;6;20;0;5;15;1175;0;36;1139;7;0;0;7;429;5;404;15;5;
3173041004;DKI JAKARTA;JAKARTA BARAT;TAMBORA;TANAH SEREAL;2018;0;48;2;1968;7;1;0;0;6;107;0;28;79;1660;0;69;1591;7;0;0;7;850;28;778;17;27;
3171081004;DKI JAKARTA;JAKARTA PUSAT;JOHAR BARU;TANAH TINGGI;2904;0;141;3;2760;29;0;0;0;29;46;0;2;44;3402;0;67;3335;62;0;0;62;1140;20;1073;29;18;
3173031004;DKI JAKARTA;JAKARTA BARAT;TAMAN SARI;TANGKI;1131;0;55;1;1075;6;0;0;0;6;132;0;2;130;1394;0;32;1362;9;0;0;9;520;7;493;10;10;
3174091005;DKI JAKARTA;JAKARTA SELATAN;JAGAKARSA;TANJUNG BARAT;3000;3;117;1;2879;9;0;0;0;9;16;0;1;15;3318;0;109;3209;17;0;0;17;1755;21;1676;34;24;
3173021005;DKI JAKARTA;JAKARTA BARAT;GROGOL PETAMBURAN;TANJUNG DUREN SELATAN;2229;0;132;1;2096;11;0;0;0;11;133;0;6;127;3646;0;120;3526;35;0;0;35;1370;12;1314;31;13;
3173021002;DKI JAKARTA;JAKARTA BARAT;GROGOL PETAMBURAN;TANJUNG DUREN UTARA;1471;0;78;0;1393;9;0;0;0;9;56;0;9;47;2698;0;71;2627;32;0;0;32;922;18;864;21;19;
3172021001;DKI JAKARTA;JAKARTA UTARA;TANJUNG PRIOK;TANJUNG PRIOK;3005;1;83;6;2915;6;0;0;0;6;139;0;12;127;2877;0;87;2790;87;0;0;87;1397;21;1326;32;18;
3174011002;DKI JAKARTA;JAKARTA SELATAN;TEBET;TEBET BARAT;3051;0;95;0;2956;13;2;0;0;11;32;0;5;27;3291;0;170;3121;39;0;0;39;1530;13;1457;23;37;
3174011001;DKI JAKARTA;JAKARTA SELATAN;TEBET;TEBET TIMUR;2024;0;71;2;1951;11;0;0;1;10;51;0;7;44;2798;0;88;2710;46;0;0;46;1067;12;1018;17;20;
3173061003;DKI JAKARTA;JAKARTA BARAT;KALI DERES;TEGAL ALUR;4106;1;211;6;3888;20;1;0;0;19;53;0;2;51;5665;0;151;5514;20;0;0;20;2110;51;1959;36;64;
3174031004;DKI JAKARTA;JAKARTA SELATAN;MAMPANG PRAPATAN;TEGAL PARANG;2247;1;83;3;2160;18;0;0;2;16;19;0;6;13;3329;0;105;3224;16;0;0;16;1294;18;1215;21;40;
3173021003;DKI JAKARTA;JAKARTA BARAT;GROGOL PETAMBURAN;TOMANG;2428;0;95;2;2331;8;2;0;0;6;44;0;2;42;3536;0;97;3439;98;0;0;98;1276;17;1208;27;24;
3172031005;DKI JAKARTA;JAKARTA UTARA;KOJA;TUGU SELATAN;2775;0;95;1;2679;7;3;0;0;4;29;0;8;21;2079;0;57;2022;132;0;0;132;1204;25;1148;21;10;
3172031002;DKI JAKARTA;JAKARTA UTARA;KOJA;TUGU UTARA;4873;0;209;0;4664;14;1;0;0;13;59;0;10;49;3724;0;116;3608;174;0;0;174;2207;26;2108;53;20;
3175061006;DKI JAKARTA;JAKARTA TIMUR;CAKUNG;UJUNG MENTENG;1471;1;62;2;1406;17;4;0;0;13;20;0;2;18;2222;0;69;2153;66;0;0;66;975;14;922;20;19;
3174101005;DKI JAKARTA;JAKARTA SELATAN;PESANGGRAHAN;ULUJAMI;3991;0;150;2;3839;14;0;0;0;14;205;0;43;162;3614;0;127;3487;30;0;0;30;1544;22;1437;33;52;
3175011006;DKI JAKARTA;JAKARTA TIMUR;MATRAMAN;UTAN KAYU SELATAN;2851;1;103;8;2739;30;1;0;0;29;68;0;5;63;5005;0;150;4855;184;0;0;184;1764;22;1609;42;91;
3175011002;DKI JAKARTA;JAKARTA TIMUR;MATRAMAN;UTAN KAYU UTARA;2689;2;108;0;2579;23;1;0;0;22;57;0;4;53;3607;0;82;3525;64;0;0;64;1167;13;1103;31;20;
3171031008;DKI JAKARTA;JAKARTA PUSAT;KEMAYORAN;UTAN PANJANG;1901;4;72;2;1823;9;0;0;0;9;25;0;3;22;2259;0;51;2208;42;0;0;42;1124;21;1045;25;33;
3172021007;DKI JAKARTA;JAKARTA UTARA;TANJUNG PRIOK;WARAKAS;3771;0;89;2;3680;0;0;0;0;0;101;0;5;96;3566;0;94;3472;93;0;0;93;1560;15;1507;22;16;
3173021007;DKI JAKARTA;JAKARTA BARAT;GROGOL PETAMBURAN;WIJAYA KUSUMA;2572;0;132;2;2438;13;1;0;0;12;164;0;24;140;3394;0;104;3290;28;0;0;28;1401;33;1292;28;48;
3173011001;DKI JAKARTA;JAKARTA UTARA;PADEMANGAN;ANCOL;4715;1;221;18;4475;105;2;0;81;22;281;0;33;249;6016;0;218;5798;95;0;0;95;1857;26;1767;31;33;
3173011006;DKI JAKARTA;JAKARTA BARAT;TAMBORA;ANGKE;4719;1;221;18;4479;106;2;0;81;22;282;0;33;249;6021;0;218;5802;96;0;0;96;1858;26;1769;31;33;
3173011002;DKI JAKARTA;JAKARTA TIMUR;KRAMAT JATI;BALE KAMBANG;4723;1;221;19;4483;106;2;0;82;22;282;0;33;249;6025;0;218;5807;96;0;0;96;1860;26;1770;31;33;
3173011005;DKI JAKARTA;JAKARTA TIMUR;JATINEGARA;BALI MESTER;4728;1;221;19;4487;106;2;0;82;22;282;0;33;249;6029;0;218;5811;96;0;0;96;1861;26;1772;31;33;
3173011004;DKI JAKARTA;JAKARTA TIMUR;CIPAYUNG;BAMBU APUS;4732;1;221;19;4491;107;2;0;83;22;282;0;33;249;6034;0;219;5815;96;0;0;96;1863;26;1773;31;33;
3173011003;DKI JAKARTA;JAKARTA SELATAN;MAMPANG PRAPATAN;BANGKA;4736;1;221;19;4495;107;2;0;83;22;282;0;33;249;6038;0;219;5819;96;0;0;96;1864;26;1774;31;33;
3173021001;DKI JAKARTA;JAKARTA TIMUR;PASAR REBO;BARU;4741;1;222;19;4500;108;2;0;83;22;282;0;33;250;6043;0;219;5824;96;0;0;96;1866;26;1776;31;33;
3173021004;DKI JAKARTA;JAKARTA TIMUR;KRAMAT JATI;BATU AMPAR;4745;1;222;19;4504;108;2;0;84;22;283;0;33;250;6047;0;219;5828;97;0;0;97;1867;26;1777;31;33;
3173021006;DKI JAKARTA;JAKARTA PUSAT;TANAH ABANG;BENDUNGAN HILIR;4749;1;222;19;4508;108;2;0;84;22;283;0;33;250;6051;0;219;5832;97;0;0;97;1869;26;1779;31;33;
3173021005;DKI JAKARTA;JAKARTA TIMUR;JATINEGARA;BIDARA CINA;4753;1;222;19;4512;109;2;0;84;22;283;0;33;250;6056;0;219;5837;97;0;0;97;1870;26;1780;31;33;
3173021002;DKI JAKARTA;JAKARTA SELATAN;PESANGGRAHAN;BINTARO;4758;1;222;19;4516;109;2;0;85;22;283;0;33;250;6060;0;219;5841;97;0;0;97;1872;26;1782;31;33;
3173021003;DKI JAKARTA;JAKARTA SELATAN;TEBET;BUKIT DURI;4762;1;222;19;4520;109;2;0;85;22;283;0;33;250;6064;0;219;5845;97;0;0;97;1873;26;1783;31;33;
3173021007;DKI JAKARTA;JAKARTA PUSAT;SENEN;BUNGUR;4766;1;222;19;4524;110;2;0;85;22;284;0;33;251;6069;0;219;5849;97;0;0;97;1875;26;1785;31;33;
3173061001;DKI JAKARTA;JAKARTA TIMUR;CAKUNG;CAKUNG BARAT;4771;1;222;19;4529;110;2;0;86;22;284;0;33;251;6073;0;220;5854;98;0;0;98;1876;26;1786;31;33;
3173061004;DKI JAKARTA;JAKARTA TIMUR;CAKUNG;CAKUNG TIMUR;4775;1;222;19;4533;110;2;0;86;22;284;0;33;251;6078;0;220;5858;98;0;0;98;1878;26;1788;31;33;
3173061005;DKI JAKARTA;JAKARTA TIMUR;KRAMAT JATI;CAWANG;4779;1;222;19;4537;111;2;0;87;22;284;0;33;251;6082;0;220;5862;98;0;0;98;1879;26;1789;31;33;
3173061002;DKI JAKARTA;JAKARTA TIMUR;CIPAYUNG;CEGER;4784;1;223;20;4541;111;2;0;87;22;284;0;33;251;6086;0;220;5867;98;0;0;98;1881;26;1791;31;33;
3173061003;DKI JAKARTA;JAKARTA PUSAT;KEMAYORAN;CEMPAKA BARU;4788;1;223;20;4545;111;2;0;87;22;285;0;33;251;6091;0;220;5871;98;0;0;98;1882;26;1792;31;33;
3173051005;DKI JAKARTA;JAKARTA PUSAT;CEMPAKA PUTIH;CEMPAKA PUTIH BARAT;4792;1;223;20;4549;112;2;0;88;22;285;0;33;252;6095;0;220;5875;98;0;0;98;1884;26;1794;31;33;
3173051001;DKI JAKARTA;JAKARTA PUSAT;CEMPAKA PUTIH;CEMPAKA PUTIH TIMUR;4797;1;223;20;4553;112;2;0;88;22;285;0;33;252;6100;0;220;5879;99;0;0;99;1885;26;1795;31;33;
3173051007;DKI JAKARTA;JAKARTA BARAT;CENGKARENG;CENGKARENG BARAT;4801;1;223;20;4558;113;2;0;88;22;285;0;33;252;6104;0;220;5884;99;0;0;99;1887;26;1796;31;33;
3173051006;DKI JAKARTA;JAKARTA BARAT;CENGKARENG;CENGKARENG TIMUR;4805;1;223;20;4562;113;2;0;89;22;285;0;33;252;6108;0;220;5888;99;0;0;99;1888;26;1798;31;33;
3173051004;DKI JAKARTA;JAKARTA TIMUR;CIRACAS;CIBUBUR;4810;1;223;20;4566;113;2;0;89;22;286;0;33;252;6113;0;221;5892;99;0;0;99;1890;26;1799;31;33;
3173051003;DKI JAKARTA;JAKARTA PUSAT;GAMBIR;CIDENG;4814;1;223;20;4570;114;2;0;89;22;286;0;33;252;6117;0;221;5897;99;0;0;99;1891;26;1801;31;33;
3173051002;DKI JAKARTA;JAKARTA SELATAN;JAGAKARSA;CIGANJUR;4818;1;223;20;4574;114;2;0;90;22;286;0;33;253;6122;0;221;5901;99;0;0;99;1893;26;1802;31;33;
3173081005;DKI JAKARTA;JAKARTA TIMUR;PASAR REBO;CIJANTUNG;4823;1;224;20;4578;114;2;0;90;22;286;0;33;253;6126;0;221;5905;100;0;0;100;1894;26;1804;31;33;
3173081006;DKI JAKARTA;JAKARTA PUSAT;MENTENG;CIKINI;4827;1;224;20;4582;115;2;0;91;22;286;0;33;253;6130;0;221;5909;100;0;0;100;1896;26;1805;31;33;
3173081001;DKI JAKARTA;JAKARTA SELATAN;PANCORAN;CIKOKO;4831;1;224;20;4586;115;2;0;91;22;287;0;34;253;6135;0;221;5914;100;0;0;100;1897;26;1807;31;33;
3173081003;DKI JAKARTA;JAKARTA SELATAN;CILANDAK;CILANDAK BARAT;4835;1;224;20;4591;115;2;0;91;22;287;0;34;253;6139;0;221;5918;100;0;0;100;1899;26;1808;31;33;
3173081002;DKI JAKARTA;JAKARTA SELATAN;PASAR MINGGU;CILANDAK TIMUR;4840;1;224;20;4595;116;2;0;92;22;287;0;34;253;6144;0;221;5922;100;0;0;100;1900;26;1810;31;33;
3173081004;DKI JAKARTA;JAKARTA TIMUR;CIPAYUNG;CILANGKAP;4844;1;224;21;4599;116;2;0;92;22;287;0;34;254;6148;0;221;5926;100;0;0;100;1901;26;1811;31;33;
3173071004;DKI JAKARTA;JAKARTA TIMUR;KRAMAT JATI;CILILITAN;4848;1;224;21;4603;116;2;0;92;22;287;0;34;254;6152;0;222;5931;101;0;0;101;1903;26;1813;31;33;
3173071005;DKI JAKARTA;JAKARTA UTARA;CILINCING;CILINCING;4853;1;224;21;4607;117;2;0;93;22;288;0;34;254;6157;0;222;5935;101;0;0;101;1904;26;1814;31;33;
3173071006;DKI JAKARTA;JAKARTA TIMUR;CIPAYUNG;CIPAYUNG;4857;1;224;21;4611;117;2;0;93;22;288;0;34;254;6161;0;222;5939;101;0;0;101;1906;26;1816;31;33;
3173071003;DKI JAKARTA;JAKARTA SELATAN;JAGAKARSA;CIPEDAK;4861;1;224;21;4615;118;2;0;93;22;288;0;34;254;6165;0;222;5944;101;0;0;101;1907;26;1817;31;33;
3173071001;DKI JAKARTA;JAKARTA SELATAN;CILANDAK;CIPETE SELATAN;4866;1;225;21;4620;118;2;0;94;22;288;0;34;254;6170;0;222;5948;101;0;0;101;1909;26;1818;31;33;
3173071002;DKI JAKARTA;JAKARTA SELATAN;KEBAYORAN BARU;CIPETE UTARA;4870;1;225;21;4624;118;2;0;94;22;288;0;34;255;6174;0;222;5952;101;0;0;101;1910;26;1820;31;33;
3173031007;DKI JAKARTA;JAKARTA TIMUR;PULO GADUNG;CIPINANG;4874;1;225;21;4628;119;2;0;94;22;289;0;34;255;6179;0;222;5956;102;0;0;102;1912;26;1821;31;33;
3173031006;DKI JAKARTA;JAKARTA TIMUR;JATINEGARA;CIPINANG BESAR SELATAN;4879;1;225;21;4632;119;2;0;95;22;289;0;34;255;6183;0;222;5961;102;0;0;102;1913;26;1823;31;33;
3173031002;DKI JAKARTA;JAKARTA TIMUR;JATINEGARA;CIPINANG BESAR UTARA;4883;1;225;21;4636;119;2;0;95;22;289;0;34;255;6187;0;222;5965;102;0;0;102;1915;26;1824;31;33;
3173031005;DKI JAKARTA;JAKARTA TIMUR;JATINEGARA;CIPINANG CEMPEDAK;4887;1;225;21;4640;120;2;0;96;22;289;0;34;255;6192;0;223;5969;102;0;0;102;1916;26;1826;31;33;
3173031003;DKI JAKARTA;JAKARTA TIMUR;MAKASAR;CIPINANG MELAYU;4892;1;225;21;4644;120;2;0;96;22;289;0;34;255;6196;0;223;5974;102;0;0;102;1918;26;1827;31;33;
3173031008;DKI JAKARTA;JAKARTA TIMUR;JATINEGARA;CIPINANG MUARA;4896;1;225;21;4649;120;2;0;96;22;290;0;34;256;6201;0;223;5978;102;0;0;102;1919;26;1829;31;33;
3173031001;DKI JAKARTA;JAKARTA SELATAN;KEBAYORAN LAMA;CIPULIR;4900;1;225;21;4653;121;2;0;97;22;290;0;34;256;6205;0;223;5982;103;0;0;103;1921;26;1830;31;33;
3173031004;DKI JAKARTA;JAKARTA TIMUR;CIRACAS;CIRACAS;4904;1;226;22;4657;121;2;0;97;22;290;0;34;256;6209;0;223;5986;103;0;0;103;1922;26;1832;31;33;
3173041007;DKI JAKARTA;JAKARTA TIMUR;KRAMAT JATI;DUKUH;4909;1;226;22;4661;122;2;0;97;22;290;0;34;256;6214;0;223;5991;103;0;0;103;1924;26;1833;31;33;
3173041011;DKI JAKARTA;JAKARTA TIMUR;DUREN SAWIT;DUREN SAWIT;4913;1;226;22;4665;122;2;0;98;22;290;0;34;256;6218;0;223;5995;103;0;0;103;1925;26;1835;31;33;
3173041003;DKI JAKARTA;JAKARTA SELATAN;PANCORAN;DUREN TIGA;4917;1;226;22;4669;122;2;0;98;22;291;0;34;257;6223;0;223;5999;103;0;0;103;1927;26;1836;32;33;
3173041006;DKI JAKARTA;JAKARTA BARAT;KEBON JERUK;DURI KEPA;4922;1;226;22;4673;123;2;0;98;22;291;0;34;257;6227;0;223;6004;103;0;0;103;1928;26;1838;32;33;
3173041008;DKI JAKARTA;JAKARTA BARAT;CENGKARENG;DURI KOSAMBI;4926;1;226;22;4678;123;2;0;99;22;291;0;34;257;6231;0;223;6008;104;0;0;104;1930;26;1839;32;33;
3173041002;DKI JAKARTA;JAKARTA PUSAT;GAMBIR;DURI PULO;4930;1;226;22;4682;123;2;0;99;22;291;0;34;257;6236;0;224;6012;104;0;0;104;1931;26;1840;32;33;
3173041005;DKI JAKARTA;JAKARTA BARAT;TAMBORA;DURI SELATAN;4935;1;226;22;4686;124;2;0;100;22;291;0;34;257;6240;0;224;6016;104;0;0;104;1933;26;1842;32;33;
3173041009;DKI JAKARTA;JAKARTA BARAT;TAMBORA;DURI UTARA;4939;1;226;22;4690;124;2;0;100;22;292;0;34;257;6244;0;224;6021;104;0;0;104;1934;26;1843;32;33;
3173041010;DKI JAKARTA;JAKARTA PUSAT;JOHAR BARU;GALUR;4943;1;226;22;4694;124;2;0;100;22;292;0;34;258;6249;0;224;6025;104;0;0;104;1936;26;1845;32;33;
3173041001;DKI JAKARTA;JAKARTA PUSAT;GAMBIR;GAMBIR;4948;1;227;22;4698;125;2;0;101;22;292;0;34;258;6253;0;224;6029;104;0;0;104;1937;26;1846;32;33;
3173041004;DKI JAKARTA;JAKARTA SELATAN;CILANDAK;GANDARIA SELATAN;4952;1;227;22;4702;125;2;0;101;22;292;0;34;258;6258;0;224;6033;105;0;0;105;1939;26;1848;32;33;
3171051002;DKI JAKARTA;JAKARTA SELATAN;KEBAYORAN BARU;GANDARIA UTARA;4956;1;227;22;4706;125;2;0;101;22;292;0;34;258;6262;0;224;6038;105;0;0;105;1940;26;1849;32;33;
3171051001;DKI JAKARTA;JAKARTA TIMUR;PASAR REBO;GEDONG;4961;1;227;22;4711;126;2;0;102;22;293;0;34;258;6266;0;224;6042;105;0;0;105;1942;26;1851;32;33;
3171051003;DKI JAKARTA;JAKARTA PUSAT;TANAH ABANG;GELORA;4965;1;227;23;4715;126;2;0;102;22;293;0;34;258;6271;0;224;6046;105;0;0;105;1943;26;1852;32;33;
3171011002;DKI JAKARTA;JAKARTA BARAT;TAMAN SARI;GLODOK;4969;1;227;23;4719;127;2;0;102;22;293;0;34;259;6275;0;225;6051;105;0;0;105;1945;26;1854;32;33;
3171011006;DKI JAKARTA;JAKARTA PUSAT;MENTENG;GONDANGDIA;4974;1;227;23;4723;127;2;0;103;22;293;0;34;259;6280;0;225;6055;105;0;0;105;1946;26;1855;32;33;
3171011001;DKI JAKARTA;JAKARTA BARAT;GROGOL PETAMBURAN;GROGOL;4978;1;227;23;4727;127;2;0;103;22;293;0;34;259;6284;0;225;6059;106;0;0;106;1948;26;1857;32;33;
3171011005;DKI JAKARTA;JAKARTA SELATAN;KEBAYORAN LAMA;GROGOL SELATAN;4982;1;227;23;4731;128;2;0;104;22;294;0;34;259;6288;0;225;6063;106;0;0;106;1949;26;1858;32;33;
3171011004;DKI JAKARTA;JAKARTA SELATAN;KEBAYORAN LAMA;GROGOL UTARA;4986;1;227;23;4735;128;2;0;104;22;294;0;35;259;6293;0;225;6068;106;0;0;106;1951;26;1860;32;33;
3171011003;DKI JAKARTA;JAKARTA SELATAN;SETIA BUDI;GUNTUR;4991;1;228;23;4740;128;2;0;104;22;294;0;35;259;6297;0;225;6072;106;0;0;106;1952;26;1861;32;33;
3171081003;DKI JAKARTA;JAKARTA SELATAN;KEBAYORAN BARU;GUNUNG;4995;1;228;23;4744;129;2;0;105;22;294;0;35;260;6302;0;225;6076;106;0;0;106;1954;26;1862;32;33;
3171081001;DKI JAKARTA;JAKARTA PUSAT;KEMAYORAN;GUNUNG SAHARI SELATAN;4999;1;228;23;4748;129;2;0;105;22;294;0;35;260;6306;0;225;6081;106;0;0;106;1955;26;1864;32;33;
3171081002;DKI JAKARTA;JAKARTA PUSAT;SAWAH BESAR;GUNUNG SAHARI UTARA;5004;1;228;23;4752;129;2;0;105;22;295;0;35;260;6310;0;225;6085;107;0;0;107;1957;27;1865;32;33;
3171081004;DKI JAKARTA;JAKARTA TIMUR;MAKASAR;HALIM PERDANA KUSUMAH;5008;1;228;23;4756;130;2;0;106;22;295;0;35;260;6315;0;226;6089;107;0;0;107;1958;27;1867;32;33;
3171031006;DKI JAKARTA;JAKARTA PUSAT;KEMAYORAN;HARAPAN MULIA;5012;1;228;23;4760;130;2;0;106;22;295;0;35;260;6319;0;226;6093;107;0;0;107;1960;27;1868;32;33;
3171031005;DKI JAKARTA;JAKARTA SELATAN;JAGAKARSA;JAGAKARSA;5017;1;228;23;4764;130;2;0;106;22;295;0;35;260;6323;0;226;6098;107;0;0;107;1961;27;1870;32;33;
3171031003;DKI JAKARTA;JAKARTA TIMUR;PULO GADUNG;JATI;5021;1;228;23;4769;131;2;0;107;22;295;0;35;261;6328;0;226;6102;107;0;0;107;1963;27;1871;32;33;
3171031002;DKI JAKARTA;JAKARTA SELATAN;PASAR MINGGU;JATI PADANG;5025;1;228;24;4773;131;2;0;107;22;296;0;35;261;6332;0;226;6106;107;0;0;107;1964;27;1873;32;33;
3171031001;DKI JAKARTA;JAKARTA BARAT;PALMERAH;JATI PULO;5030;1;229;24;4777;132;2;0;108;22;296;0;35;261;6337;0;226;6111;108;0;0;108;1966;27;1874;32;33;
3171031004;DKI JAKARTA;JAKARTA TIMUR;CAKUNG;JATINEGARA;5034;1;229;24;4781;132;2;0;108;22;296;0;35;261;6341;0;226;6115;108;0;0;108;1967;27;1876;32;33;
3171031007;DKI JAKARTA;JAKARTA TIMUR;PULO GADUNG;JATINEGARA KAUM;5038;1;229;24;4785;132;2;0;108;22;296;0;35;261;6345;0;226;6119;108;0;0;108;1969;27;1877;32;33;
3171031008;DKI JAKARTA;JAKARTA BARAT;GROGOL PETAMBURAN;JELAMBAR;5043;1;229;24;4789;133;2;0;109;22;296;0;35;261;6350;0;226;6123;108;0;0;108;1970;27;1879;32;33;
3171061003;DKI JAKARTA;JAKARTA BARAT;GROGOL PETAMBURAN;JELAMBAR BARU;5047;1;229;24;4793;133;2;0;109;22;296;0;35;262;6354;0;227;6128;108;0;0;108;1972;27;1880;32;33;
3171061004;DKI JAKARTA;JAKARTA BARAT;TAMBORA;JEMBATAN BESI;5051;1;229;24;4798;133;2;0;109;22;297;0;35;262;6359;0;227;6132;108;0;0;108;1973;27;1882;32;33;
3171061005;DKI JAKARTA;JAKARTA BARAT;TAMBORA;JEMBATAN LIMA;5056;1;229;24;4802;134;2;0;110;22;297;0;35;262;6363;0;227;6136;109;0;0;109;1975;27;1883;32;33;
3171061001;DKI JAKARTA;JAKARTA BARAT;KEMBANGAN;JOGLO;5060;1;229;24;4806;134;2;0;110;22;297;0;35;262;6367;0;227;6141;109;0;0;109;1976;27;1884;32;33;
3171061002;DKI JAKARTA;JAKARTA PUSAT;JOHAR BARU;JOHAR BARU;5064;1;229;24;4810;134;2;0;110;22;297;0;35;262;6372;0;227;6145;109;0;0;109;1978;27;1886;32;33;
3171021004;DKI JAKARTA;JAKARTA BARAT;TAMBORA;KALI ANYAR;5068;1;229;24;4814;135;2;0;111;22;297;0;35;262;6376;0;227;6149;109;0;0;109;1979;27;1887;32;33;
3171021002;DKI JAKARTA;JAKARTA UTARA;CILINCING;KALI BARU;5073;1;230;24;4818;135;2;0;111;22;298;0;35;263;6381;0;227;6153;109;0;0;109;1981;27;1889;32;33;
3171021003;DKI JAKARTA;JAKARTA SELATAN;PANCORAN;KALIBATA;5077;1;230;24;4822;136;2;0;112;22;298;0;35;263;6385;0;227;6158;109;0;0;109;1982;27;1890;32;33;
3171021005;DKI JAKARTA;JAKARTA BARAT;KALI DERES;KALIDERES;5081;1;230;25;4826;136;2;0;112;22;298;0;35;263;6389;0;227;6162;110;0;0;110;1984;27;1892;32;33;
3171021001;DKI JAKARTA;JAKARTA TIMUR;PASAR REBO;KALISARI;5086;1;230;25;4831;136;2;0;112;22;298;0;35;263;6394;0;228;6166;110;0;0;110;1985;27;1893;32;33;
3171041006;DKI JAKARTA;JAKARTA BARAT;KALI DERES;KAMAL;5090;1;230;25;4835;137;2;0;113;22;298;0;35;263;6398;0;228;6170;110;0;0;110;1987;27;1895;32;33;
3171041002;DKI JAKARTA;JAKARTA UTARA;PENJARINGAN;KAMAL MUARA;5094;1;230;25;4839;137;2;0;113;22;299;0;35;263;6403;0;228;6175;110;0;0;110;1988;27;1896;32;33;
3171041004;DKI JAKARTA;JAKARTA PUSAT;TANAH ABANG;KAMPUNG BALI;5099;1;230;25;4843;137;2;0;113;22;299;0;35;264;6407;0;228;6179;110;0;0;110;1989;27;1898;32;33;
3171041005;DKI JAKARTA;JAKARTA TIMUR;JATINEGARA;KAMPUNG MELAYU;5103;1;230;25;4847;138;2;0;114;22;299;0;35;264;6411;0;228;6183;110;0;0;110;1991;27;1899;32;33;
3171041003;DKI JAKARTA;JAKARTA PUSAT;JOHAR BARU;KAMPUNG RAWA;5107;1;230;25;4851;138;2;0;114;22;299;0;35;264;6416;0;228;6188;111;0;0;111;1992;27;1901;32;33;
3171041001;DKI JAKARTA;JAKARTA TIMUR;KRAMAT JATI;KAMPUNG TENGAH;5112;1;230;25;4855;138;2;0;114;22;299;0;35;264;6420;0;228;6192;111;0;0;111;1994;27;1902;32;33;
3171071002;DKI JAKARTA;JAKARTA BARAT;CENGKARENG;KAPUK;5116;1;231;25;4860;139;2;0;115;21;300;0;35;264;6424;0;228;6196;111;0;0;111;1995;27;1904;32;33;
3171071001;DKI JAKARTA;JAKARTA UTARA;PENJARINGAN;KAPUK MUARA;5120;1;231;25;4864;139;2;0;115;21;300;0;35;264;6429;0;228;6200;111;0;0;111;1997;27;1905;32;33;
3171071007;DKI JAKARTA;JAKARTA PUSAT;SAWAH BESAR;KARANG ANYAR;5125;1;231;25;4868;139;2;0;116;21;300;0;35;265;6433;0;229;6205;111;0;0;111;1998;27;1906;32;33;
3171071003;DKI JAKARTA;JAKARTA SELATAN;SETIA BUDI;KARET;5129;1;231;25;4872;140;2;0;116;21;300;0;35;265;6438;0;229;6209;111;0;0;111;2000;27;1908;32;33;
3171071006;DKI JAKARTA;JAKARTA SELATAN;SETIA BUDI;KARET KUNINGAN;5133;1;231;25;4876;140;2;0;116;21;300;0;35;265;6442;0;229;6213;112;0;0;112;2001;27;1909;32;33;
3171071005;DKI JAKARTA;JAKARTA SELATAN;SETIA BUDI;KARET SEMANGGI;5138;1;231;25;4880;141;2;0;117;21;301;0;35;265;6446;0;229;6218;112;0;0;112;2003;27;1911;32;33;
3171071004;DKI JAKARTA;JAKARTA PUSAT;TANAH ABANG;KARET TENGSIN;5142;1;231;26;4884;141;2;0;117;21;301;0;36;265;6451;0;229;6222;112;0;0;112;2004;27;1912;32;33;
3174061001;DKI JAKARTA;JAKARTA PUSAT;SAWAH BESAR;KARTINI;5146;1;231;26;4889;141;2;0;117;21;301;0;36;265;6455;0;229;6226;112;0;0;112;2006;27;1914;33;33;
3174061005;DKI JAKARTA;JAKARTA TIMUR;MATRAMAN;KAYU MANIS;5150;1;231;26;4893;142;2;0;118;21;301;0;36;266;6460;0;229;6230;112;0;0;112;2007;27;1915;33;33;
3174061004;DKI JAKARTA;JAKARTA TIMUR;PULO GADUNG;KAYU PUTIH;5155;1;232;26;4897;142;2;0;118;21;301;0;36;266;6464;0;229;6235;112;0;0;112;2009;27;1917;33;33;
3174061002;DKI JAKARTA;JAKARTA BARAT;TAMAN SARI;KEAGUNGAN;5159;1;232;26;4901;142;2;0;118;21;302;0;36;266;6468;0;229;6239;113;0;0;113;2010;27;1918;33;33;
3174061003;DKI JAKARTA;JAKARTA SELATAN;PASAR MINGGU;KEBAGUSAN;5163;1;232;26;4905;143;2;0;119;21;302;0;36;266;6473;0;229;6243;113;0;0;113;2012;27;1920;33;33;
3174091003;DKI JAKARTA;JAKARTA SELATAN;KEBAYORAN LAMA;KEBAYORAN LAMA SELATAN;5168;1;232;26;4909;143;2;0;119;21;302;0;36;266;6477;0;230;6248;113;0;0;113;2013;27;1921;33;33;
3174091006;DKI JAKARTA;JAKARTA SELATAN;KEBAYORAN LAMA;KEBAYORAN LAMA UTARA;5172;1;232;26;4913;143;2;0;120;21;302;0;36;267;6482;0;230;6252;113;0;0;113;2015;27;1923;33;33;
3174091001;DKI JAKARTA;JAKARTA SELATAN;TEBET;KEBON BARU;5176;1;232;26;4917;144;2;0;120;21;302;0;36;267;6486;0;230;6256;113;0;0;113;2016;27;1924;33;33;
3174091004;DKI JAKARTA;JAKARTA UTARA;TANJUNG PRIOK;KEBON BAWANG;5181;1;232;26;4922;144;2;0;120;21;303;0;36;267;6490;0;230;6260;113;0;0;113;2018;27;1926;33;33;
3174091002;DKI JAKARTA;JAKARTA BARAT;KEBON JERUK;KEBON JERUK;5185;1;232;26;4926;144;2;0;121;21;303;0;36;267;6495;0;230;6265;114;0;0;114;2019;27;1927;33;33;
3174091005;DKI JAKARTA;JAKARTA PUSAT;TANAH ABANG;KEBON KACANG;5189;1;232;26;4930;145;2;0;121;21;303;0;36;267;6499;0;230;6269;114;0;0;114;2021;27;1928;33;33;
3174071010;DKI JAKARTA;JAKARTA PUSAT;GAMBIR;KEBON KELAPA;5194;1;232;26;4934;145;2;0;121;21;303;0;36;267;6503;0;230;6273;114;0;0;114;2022;27;1930;33;33;
3174071009;DKI JAKARTA;JAKARTA PUSAT;KEMAYORAN;KEBON KOSONG;5198;1;233;26;4938;146;2;0;122;21;303;0;36;268;6508;0;230;6278;114;0;0;114;2024;27;1931;33;33;
3174071002;DKI JAKARTA;JAKARTA TIMUR;MATRAMAN;KEBON MANGGIS;5202;1;233;27;4942;146;2;0;122;21;304;0;36;268;6512;0;230;6282;114;0;0;114;2025;27;1933;33;33;
3174071003;DKI JAKARTA;JAKARTA PUSAT;TANAH ABANG;KEBON MELATI;5207;1;233;27;4946;146;2;0;122;21;304;0;36;268;6517;0;231;6286;114;0;0;114;2027;27;1934;33;33;
3174071001;DKI JAKARTA;JAKARTA TIMUR;MAKASAR;KEBON PALA;5211;1;233;27;4951;147;2;0;123;21;304;0;36;268;6521;0;231;6290;115;0;0;115;2028;27;1936;33;33;
3174071008;DKI JAKARTA;JAKARTA PUSAT;MENTENG;KEBON SIRIH;5215;1;233;27;4955;147;2;0;123;21;304;0;36;268;6525;0;231;6295;115;0;0;115;2030;27;1937;33;33;
3174071007;DKI JAKARTA;JAKARTA BARAT;CENGKARENG;KEDAUNG KALI ANGKE;5219;1;233;27;4959;147;2;0;124;21;304;0;36;268;6530;0;231;6299;115;0;0;115;2031;27;1939;33;33;
3174071005;DKI JAKARTA;JAKARTA BARAT;KEBON JERUK;KEDOYA SELATAN;5224;1;233;27;4963;148;2;0;124;21;305;0;36;269;6534;0;231;6303;115;0;0;115;2033;27;1940;33;33;
3174071004;DKI JAKARTA;JAKARTA BARAT;KEBON JERUK;KEDOYA UTARA;5228;1;233;27;4967;148;2;0;124;21;305;0;36;269;6539;0;231;6307;115;0;0;115;2034;27;1942;33;33;
3174071006;DKI JAKARTA;JAKARTA BARAT;KEBON JERUK;KELAPA DUA;5232;1;233;27;4971;148;2;0;125;21;305;0;36;269;6543;0;231;6312;115;0;0;115;2036;27;1943;33;33;
3174051003;DKI JAKARTA;JAKARTA TIMUR;CIRACAS;KELAPA DUA WETAN;5237;1;234;27;4975;149;2;0;125;21;305;0;36;269;6547;0;231;6316;116;0;0;116;2037;27;1945;33;33;
3174051005;DKI JAKARTA;JAKARTA UTARA;KELAPA GADING;KELAPA GADING BARAT;5241;1;234;27;4980;149;2;0;125;21;305;0;36;269;6552;0;231;6320;116;0;0;116;2039;27;1946;33;33;
3174051004;DKI JAKARTA;JAKARTA UTARA;KELAPA GADING;KELAPA GADING TIMUR;5245;1;234;27;4984;149;2;0;126;21;306;0;36;269;6556;0;232;6325;116;0;0;116;2040;27;1948;33;33;
3174051006;DKI JAKARTA;JAKARTA BARAT;PALMERAH;KEMANGGISAN;5250;1;234;27;4988;150;2;0;126;21;306;0;36;270;6561;0;232;6329;116;0;0;116;2042;27;1949;33;33;
3174051001;DKI JAKARTA;JAKARTA PUSAT;KEMAYORAN;KEMAYORAN;5254;1;234;27;4992;150;2;0;126;21;306;0;36;270;6565;0;232;6333;116;0;0;116;2043;27;1950;33;33;
3174051002;DKI JAKARTA;JAKARTA BARAT;KEMBANGAN;KEMBANGAN SELATAN;5258;1;234;27;4996;151;2;0;127;21;306;0;36;270;6569;0;232;6337;116;0;0;116;2045;27;1952;33;33;
3174031002;DKI JAKARTA;JAKARTA BARAT;KEMBANGAN;KEMBANGAN UTARA;5263;1;234;28;5000;151;2;0;127;21;306;0;36;270;6574;0;232;6342;117;0;0;117;2046;27;1953;33;33;
3174031005;DKI JAKARTA;JAKARTA PUSAT;SENEN;KENARI;5267;1;234;28;5004;151;2;0;128;21;307;0;36;270;6578;0;232;6346;117;0;0;117;2048;27;1955;33;33;
3174031001;DKI JAKARTA;JAKARTA BARAT;TAMBORA;KERENDANG;5271;1;234;28;5009;152;2;0;128;21;307;0;36;270;6583;0;232;6350;117;0;0;117;2049;27;1956;33;33;
3174031003;DKI JAKARTA;JAKARTA TIMUR;DUREN SAWIT;KLENDER;5276;1;234;28;5013;152;2;0;128;21;307;0;36;271;6587;0;232;6355;117;0;0;117;2051;27;1958;33;33;
3174031004;DKI JAKARTA;JAKARTA UTARA;KOJA;KOJA;5280;1;235;28;5017;152;2;0;129;21;307;0;36;271;6591;0;232;6359;117;0;0;117;2052;27;1959;33;33;
3174081006;DKI JAKARTA;JAKARTA BARAT;PALMERAH;KOTA BAMBU SELATAN;5284;1;235;28;5021;153;2;0;129;21;307;0;36;271;6596;0;233;6363;117;0;0;117;2054;27;1961;33;33;
3174081004;DKI JAKARTA;JAKARTA BARAT;PALMERAH;KOTA BAMBU UTARA;5289;1;235;28;5025;153;2;0;129;21;308;0;36;271;6600;0;233;6367;118;0;0;118;2055;27;1962;33;33;
3174081002;DKI JAKARTA;JAKARTA PUSAT;SENEN;KRAMAT;5293;1;235;28;5029;153;2;0;130;21;308;0;36;271;6604;0;233;6372;118;0;0;118;2057;27;1964;33;33;
3174081001;DKI JAKARTA;JAKARTA TIMUR;KRAMAT JATI;KRAMAT JATI;5297;1;235;28;5033;154;2;0;130;21;308;0;37;271;6609;0;233;6376;118;0;0;118;2058;27;1965;33;33;
3174081005;DKI JAKARTA;JAKARTA SELATAN;KEBAYORAN BARU;KRAMAT PELA;5301;1;235;28;5037;154;2;0;130;21;308;0;37;272;6613;0;233;6380;118;0;0;118;2060;27;1967;33;33;
3174081003;DKI JAKARTA;JAKARTA BARAT;TAMAN SARI;KRUKUT;5306;1;235;28;5042;155;2;0;131;21;308;0;37;272;6618;0;233;6385;118;0;0;118;2061;27;1968;33;33;
3174041003;DKI JAKARTA;JAKARTA SELATAN;MAMPANG PRAPATAN;KUNINGAN BARAT;5310;1;235;28;5046;155;2;0;131;21;309;0;37;272;6622;0;233;6389;118;0;0;118;2063;27;1969;33;33;
3174041002;DKI JAKARTA;JAKARTA SELATAN;SETIA BUDI;KUNINGAN TIMUR;5314;1;235;28;5050;155;2;0;132;21;309;0;37;272;6626;0;233;6393;119;0;0;119;2064;27;1971;33;33;
3174041007;DKI JAKARTA;JAKARTA PUSAT;SENEN;KWITANG;5319;1;235;28;5054;156;2;0;132;21;309;0;37;272;6631;0;233;6397;119;0;0;119;2066;27;1972;33;33;
3174041001;DKI JAKARTA;JAKARTA UTARA;KOJA;LAGOA;5323;1;236;29;5058;156;2;0;132;21;309;0;37;272;6635;0;234;6402;119;0;0;119;2067;27;1974;33;33;
3174041006;DKI JAKARTA;JAKARTA SELATAN;CILANDAK;LEBAK BULUS;5327;1;236;29;5062;156;2;0;133;21;309;0;37;273;6640;0;234;6406;119;0;0;119;2069;27;1975;33;33;
3174041005;DKI JAKARTA;JAKARTA SELATAN;JAGAKARSA;LENTENG AGUNG;5332;1;236;29;5066;157;2;0;133;21;310;0;37;273;6644;0;234;6410;119;0;0;119;2070;27;1977;33;33;
3174041004;DKI JAKARTA;LUAR DKI JAKARTA;LUAR DKI JAKARTA;LUAR DKI JAKARTA;5336;1;236;29;5071;157;2;0;133;21;310;0;37;273;6648;0;234;6414;119;0;0;119;2072;27;1978;33;33;
3174101002;DKI JAKARTA;JAKARTA TIMUR;CIPAYUNG;LUBANG BUAYA;5340;1;236;29;5075;157;2;0;134;21;310;0;37;273;6653;0;234;6419;120;0;0;120;2073;27;1980;33;33;
3174101001;DKI JAKARTA;JAKARTA TIMUR;MAKASAR;MAKASAR;5345;1;236;29;5079;158;2;0;134;21;310;0;37;273;6657;0;234;6423;120;0;0;120;2075;27;1981;33;33;
3174101004;DKI JAKARTA;JAKARTA TIMUR;DUREN SAWIT;MALAKA JAYA;5349;1;236;29;5083;158;2;0;134;21;310;0;37;273;6662;0;234;6427;120;0;0;120;2076;27;1983;33;33;
3174101003;DKI JAKARTA;JAKARTA TIMUR;DUREN SAWIT;MALAKA SARI;5353;1;236;29;5087;158;2;0;135;21;310;0;37;274;6666;0;234;6432;120;0;0;120;2077;27;1984;33;33;
3174101005;DKI JAKARTA;JAKARTA SELATAN;MAMPANG PRAPATAN;MAMPANG PRAPATAN;5358;1;236;29;5091;159;2;0;135;21;311;0;37;274;6670;0;234;6436;120;0;0;120;2079;27;1986;33;33;
3174021007;DKI JAKARTA;JAKARTA BARAT;TAMAN SARI;MANGGA BESAR;5362;1;237;29;5095;159;2;0;136;21;311;0;37;274;6675;0;235;6440;120;0;0;120;2080;27;1987;33;33;
3174021004;DKI JAKARTA;JAKARTA PUSAT;SAWAH BESAR;MANGGA DUA SELATAN;5366;1;237;29;5100;160;2;0;136;21;311;0;37;274;6679;0;235;6444;121;0;0;120;2082;27;1989;33;33;
3174021003;DKI JAKARTA;JAKARTA SELATAN;TEBET;MANGGARAI;5371;1;237;29;5104;160;2;0;136;21;311;0;37;274;6683;0;235;6449;121;0;0;121;2083;27;1990;33;33;
3174021002;DKI JAKARTA;JAKARTA SELATAN;TEBET;MANGGARAI SELATAN;5375;1;237;29;5108;160;2;0;137;21;311;0;37;274;6688;0;235;6453;121;0;0;121;2085;27;1991;34;33;
3174021008;DKI JAKARTA;JAKARTA BARAT;TAMAN SARI;MAPHAR;5379;1;237;29;5112;161;2;0;137;21;312;0;37;275;6692;0;235;6457;121;0;0;121;2086;27;1993;34;33;
3174021005;DKI JAKARTA;JAKARTA UTARA;CILINCING;MARUNDA;5383;1;237;30;5116;161;2;0;137;21;312;0;37;275;6697;0;235;6462;121;0;0;121;2088;27;1994;34;33;
3174021006;DKI JAKARTA;JAKARTA SELATAN;KEBAYORAN BARU;MELAWAI;5388;1;237;30;5120;161;2;0;138;21;312;0;37;275;6701;0;235;6466;121;0;0;121;2089;27;1996;34;33;
3174021001;DKI JAKARTA;JAKARTA PUSAT;MENTENG;MENTENG;5392;1;237;30;5124;162;2;0;138;21;312;0;37;275;6705;0;235;6470;122;0;0;121;2091;27;1997;34;33;
3174011005;DKI JAKARTA;JAKARTA SELATAN;SETIA BUDI;MENTENG ATAS;5396;1;237;30;5129;162;2;0;138;21;312;0;37;275;6710;0;235;6474;122;0;0;122;2092;27;1999;34;33;
3174011004;DKI JAKARTA;JAKARTA SELATAN;TEBET;MENTENG DALAM;5401;1;237;30;5133;162;2;0;139;21;313;0;37;275;6714;0;236;6479;122;0;0;122;2094;27;2000;34;33;
3174011007;DKI JAKARTA;JAKARTA BARAT;KEMBANGAN;MERUYA SELATAN;5405;1;238;30;5137;163;2;0;139;21;313;0;37;276;6719;0;236;6483;122;0;0;122;2095;27;2002;34;33;
3174011006;DKI JAKARTA;JAKARTA BARAT;KEMBANGAN;MERUYA UTARA;5409;1;238;30;5141;163;2;0;140;21;313;0;37;276;6723;0;236;6487;122;0;0;122;2097;27;2003;34;33;
3174011003;DKI JAKARTA;JAKARTA TIMUR;CIPAYUNG;MUNJUL;5414;1;238;30;5145;163;2;0;140;21;313;0;37;276;6727;0;236;6492;122;0;0;122;2098;27;2005;34;33;
3174011002;DKI JAKARTA;JAKARTA UTARA;PADEMANGAN;PADEMANGAN BARAT;5418;1;238;30;5149;164;2;0;140;21;313;0;37;276;6732;0;236;6496;123;0;0;122;2100;27;2006;34;33;
3174011001;DKI JAKARTA;JAKARTA UTARA;PADEMANGAN;PADEMANGAN TIMUR;5422;1;238;30;5153;164;2;0;141;21;314;0;37;276;6736;0;236;6500;123;0;0;123;2101;27;2008;34;33;
3175061007;DKI JAKARTA;JAKARTA TIMUR;MATRAMAN;PAL MERIAM;5427;1;238;30;5157;165;2;0;141;21;314;0;37;277;6741;0;236;6504;123;0;0;123;2103;27;2009;34;33;
3175061004;DKI JAKARTA;JAKARTA BARAT;PALMERAH;PALMERAH;5431;1;238;30;5162;165;2;0;141;21;314;0;37;277;6745;0;236;6509;123;0;0;123;2104;27;2011;34;33;
3175061001;DKI JAKARTA;JAKARTA SELATAN;PANCORAN;PANCORAN;5435;1;238;30;5166;165;2;0;142;21;314;0;37;277;6749;0;236;6513;123;0;0;123;2106;27;2012;34;33;
3175061003;DKI JAKARTA;JAKARTA UTARA;TANJUNG PRIOK;PAPANGGO;5440;1;238;31;5170;166;2;0;142;21;314;0;37;277;6754;0;236;6517;123;0;0;123;2107;27;2013;34;33;
3175061005;DKI JAKARTA;JAKARTA PUSAT;SAWAH BESAR;PASAR BARU;5444;1;238;31;5174;166;2;0;142;21;315;0;37;277;6758;0;237;6522;124;0;0;123;2109;27;2015;34;33;
3175061002;DKI JAKARTA;JAKARTA SELATAN;SETIA BUDI;PASAR MANGGIS;5448;1;239;31;5178;166;2;0;143;21;315;0;37;277;6762;0;237;6526;124;0;0;124;2110;27;2016;34;33;
3175061006;DKI JAKARTA;JAKARTA SELATAN;PASAR MINGGU;PASAR MINGGU;5452;1;239;31;5182;167;2;0;143;21;315;0;37;278;6767;0;237;6530;124;0;0;124;2112;27;2018;34;33;
3175101006;DKI JAKARTA;JAKARTA PUSAT;SENEN;PASEBAN;5457;1;239;31;5186;167;2;0;144;21;315;0;38;278;6771;0;237;6534;124;0;0;124;2113;27;2019;34;33;
3175101008;DKI JAKARTA;JAKARTA BARAT;KALI DERES;PEGADUNGAN;5461;1;239;31;5191;167;2;0;144;21;315;0;38;278;6776;0;237;6539;124;0;0;124;2115;27;2021;34;33;
3175101002;DKI JAKARTA;JAKARTA PUSAT;MENTENG;PEGANGSAAN;5465;1;239;31;5195;168;2;0;144;21;316;0;38;278;6780;0;237;6543;124;0;0;124;2116;27;2022;34;33;
3175101001;DKI JAKARTA;JAKARTA UTARA;KELAPA GADING;PEGANGSAAN DUA;5470;1;239;31;5199;168;2;0;145;21;316;0;38;278;6784;0;237;6547;124;0;0;124;2118;27;2024;34;33;
3175101007;DKI JAKARTA;JAKARTA UTARA;PENJARINGAN;PEJAGALAN;5474;1;239;31;5203;169;2;0;145;21;316;0;38;278;6789;0;237;6551;125;0;0;125;2119;27;2025;34;33;
3175101004;DKI JAKARTA;JAKARTA SELATAN;PASAR MINGGU;PEJATEN BARAT;5478;1;239;31;5207;169;2;0;145;21;316;0;38;279;6793;0;237;6556;125;0;0;125;2121;27;2027;34;33;
3175101003;DKI JAKARTA;JAKARTA SELATAN;PASAR MINGGU;PEJATEN TIMUR;5483;1;239;31;5211;169;2;0;146;21;316;0;38;279;6798;0;238;6560;125;0;0;125;2122;27;2028;34;33;
3175101005;DKI JAKARTA;JAKARTA TIMUR;PASAR REBO;PEKAYON;5487;1;240;31;5215;170;2;0;146;21;317;0;38;279;6802;0;238;6564;125;0;0;125;2124;27;2030;34;33;
3175091002;DKI JAKARTA;JAKARTA BARAT;TAMBORA;PEKOJAN;5491;1;240;31;5220;170;2;0;146;21;317;0;38;279;6806;0;238;6569;125;0;0;125;2125;27;2031;34;33;
3175091001;DKI JAKARTA;JAKARTA SELATAN;MAMPANG PRAPATAN;PELA MAMPANG;5496;1;240;31;5224;170;2;0;147;21;317;0;38;279;6811;0;238;6573;125;0;0;125;2127;27;2033;34;33;
3175091003;DKI JAKARTA;JAKARTA SELATAN;PANCORAN;PENGADEGAN;5500;1;240;32;5228;171;2;0;147;21;317;0;38;279;6815;0;238;6577;126;0;0;126;2128;27;2034;34;33;
3175091005;DKI JAKARTA;JAKARTA TIMUR;CAKUNG;PENGGILINGAN;5504;1;240;32;5232;171;2;0;148;21;317;0;38;280;6820;0;238;6581;126;0;0;126;2130;27;2035;34;33;
3175091004;DKI JAKARTA;JAKARTA UTARA;PENJARINGAN;PENJARINGAN;5509;1;240;32;5236;171;2;0;148;21;318;0;38;280;6824;0;238;6586;126;0;0;126;2131;27;2037;34;33;
3175071001;DKI JAKARTA;JAKARTA SELATAN;PESANGGRAHAN;PESANGGRAHAN;5513;1;240;32;5240;172;2;0;148;21;318;0;38;280;6828;0;238;6590;126;0;0;126;2133;27;2038;34;33;
3175071003;DKI JAKARTA;JAKARTA PUSAT;TANAH ABANG;PETAMBURAN;5517;1;240;32;5244;172;2;0;149;21;318;0;38;280;6833;0;238;6594;126;0;0;126;2134;27;2040;34;33;
3175071006;DKI JAKARTA;JAKARTA SELATAN;KEBAYORAN BARU;PETOGOGAN;5522;1;240;32;5249;172;2;0;149;21;318;0;38;280;6837;0;239;6599;126;0;0;126;2136;27;2041;34;33;
3175071005;DKI JAKARTA;JAKARTA PUSAT;GAMBIR;PETOJO SELATAN;5526;1;240;32;5253;173;2;0;149;21;318;0;38;280;6842;0;239;6603;127;0;0;127;2137;27;2043;34;33;
3175071002;DKI JAKARTA;JAKARTA PUSAT;GAMBIR;PETOJO UTARA;5530;1;241;32;5257;173;2;0;150;21;319;0;38;281;6846;0;239;6607;127;0;0;127;2139;27;2044;34;33;
3175071004;DKI JAKARTA;JAKARTA SELATAN;PESANGGRAHAN;PETUKANGAN SELATAN;5534;1;241;32;5261;174;2;0;150;21;319;0;38;281;6850;0;239;6611;127;0;0;127;2140;27;2046;34;33;
3175071007;DKI JAKARTA;JAKARTA SELATAN;PESANGGRAHAN;PETUKANGAN UTARA;5539;1;241;32;5265;174;2;0;150;21;319;0;38;281;6855;0;239;6616;127;0;0;127;2142;27;2047;34;33;
3175031003;DKI JAKARTA;JAKARTA TIMUR;MAKASAR;PINANG RANTI;5543;1;241;32;5269;174;2;0;151;21;319;0;38;281;6859;0;239;6620;127;0;0;127;2143;27;2049;34;33;
3175031002;DKI JAKARTA;JAKARTA BARAT;TAMAN SARI;PINANGSIA;5547;1;241;32;5273;175;2;0;151;21;319;0;38;281;6863;0;239;6624;127;0;0;127;2145;27;2050;34;33;
3175031007;DKI JAKARTA;JAKARTA TIMUR;MATRAMAN;PISANGAN BARU;5552;1;241;32;5277;175;2;0;152;21;320;0;38;281;6868;0;239;6629;128;0;0;128;2146;27;2052;34;33;
3175031008;DKI JAKARTA;JAKARTA TIMUR;PULO GADUNG;PISANGAN TIMUR;5556;1;241;32;5282;175;2;0;152;21;320;0;38;282;6872;0;239;6633;128;0;0;128;2148;27;2053;34;33;
3175031005;DKI JAKARTA;JAKARTA UTARA;PENJARINGAN;PLUIT;5560;1;241;33;5286;176;2;0;152;21;320;0;38;282;6877;0;240;6637;128;0;0;128;2149;27;2055;34;33;
3175031006;DKI JAKARTA;JAKARTA TIMUR;DUREN SAWIT;PONDOK BAMBU;5565;1;241;33;5290;176;2;0;153;21;320;0;38;282;6881;0;240;6641;128;0;0;128;2151;27;2056;34;33;
3175031001;DKI JAKARTA;JAKARTA TIMUR;DUREN SAWIT;PONDOK KELAPA;5569;1;241;33;5294;176;2;0;153;21;320;0;38;282;6885;0;240;6646;128;0;0;128;2152;27;2057;34;33;
3175031004;DKI JAKARTA;JAKARTA TIMUR;DUREN SAWIT;PONDOK KOPI;5573;1;242;33;5298;177;2;0;153;21;321;0;38;282;6890;0;240;6650;128;0;0;128;2154;27;2059;34;33;
3175041005;DKI JAKARTA;JAKARTA SELATAN;CILANDAK;PONDOK LABU;5578;1;242;33;5302;177;2;0;154;21;321;0;38;282;6894;0;240;6654;129;0;0;129;2155;27;2060;34;33;
3175041004;DKI JAKARTA;JAKARTA SELATAN;KEBAYORAN LAMA;PONDOK PINANG;5582;1;242;33;5306;177;2;0;154;21;321;0;38;283;6899;0;240;6658;129;0;0;129;2157;27;2062;34;33;
3175041007;DKI JAKARTA;JAKARTA TIMUR;CIPAYUNG;PONDOK RANGGON;5586;1;242;33;5311;178;2;0;154;21;321;0;38;283;6903;0;240;6663;129;0;0;129;2158;27;2063;34;33;
3175041006;DKI JAKARTA;PROSES UPDATE DATA;PROSES UPDATE DATA;PROSES UPDATE DATA;5591;1;242;33;5315;178;2;0;155;21;321;0;38;283;6907;0;240;6667;129;0;0;129;2160;27;2065;34;33;
3175041003;DKI JAKARTA;KAB.ADM.KEP.SERIBU;KEP. SERIBU UTARA;PULAU HARAPAN;5595;1;242;33;5319;179;2;0;155;21;322;0;38;283;6912;0;240;6671;129;0;0;129;2161;27;2066;34;33;
3175041002;DKI JAKARTA;KAB.ADM.KEP.SERIBU;KEP. SERIBU UTARA;PULAU KELAPA;5599;1;242;33;5323;179;2;0;156;21;322;0;38;283;6916;0;241;6676;129;0;0;129;2163;27;2068;34;33;
3175041001;DKI JAKARTA;KAB.ADM.KEP.SERIBU;KEP. SERIBU UTARA;PULAU PANGGANG;5604;1;242;33;5327;179;2;0;156;21;322;0;38;283;6921;0;241;6680;130;0;0;130;2164;27;2069;35;33;
3175081005;DKI JAKARTA;KAB.ADM.KEP.SERIBU;KEP. SERIBU SELATAN;PULAU PARI;5608;1;242;33;5331;180;2;0;156;21;322;0;38;284;6925;0;241;6684;130;0;0;130;2165;27;2071;35;33;
3175081004;DKI JAKARTA;KAB.ADM.KEP.SERIBU;KEP. SERIBU SELATAN;PULAU TIDUNG;5612;1;243;33;5335;180;2;0;157;21;322;0;39;284;6929;0;241;6688;130;0;0;130;2167;27;2072;35;33;
3175081003;DKI JAKARTA;KAB.ADM.KEP.SERIBU;KEP. SERIBU SELATAN;PULAU UNTUNG JAWA;5616;1;243;33;5340;180;2;0;157;21;323;0;39;284;6934;0;241;6693;130;0;0;130;2168;27;2074;35;33;
3175081001;DKI JAKARTA;JAKARTA SELATAN;KEBAYORAN BARU;PULO;5621;1;243;34;5344;181;2;0;157;21;323;0;39;284;6938;0;241;6697;130;0;0;130;2170;27;2075;35;33;
3175081002;DKI JAKARTA;JAKARTA TIMUR;PULO GADUNG;PULO GADUNG;5625;1;243;34;5348;181;2;0;158;21;323;0;39;284;6942;0;241;6701;130;0;0;130;2171;27;2077;35;33;
3175011003;DKI JAKARTA;JAKARTA TIMUR;CAKUNG;PULO GEBANG;5629;1;243;34;5352;181;2;0;158;21;323;0;39;284;6947;0;241;6706;131;0;0;131;2173;27;2078;35;33;
3175011005;DKI JAKARTA;JAKARTA SELATAN;PASAR MINGGU;RAGUNAN;5634;1;243;34;5356;182;2;0;158;21;323;0;39;285;6951;0;241;6710;131;0;0;131;2174;27;2079;35;33;
3175011004;DKI JAKARTA;JAKARTA TIMUR;CIRACAS;RAMBUTAN;5638;1;243;34;5360;182;2;0;159;21;324;0;39;285;6956;0;242;6714;131;0;0;131;2176;27;2081;35;33;
3175011001;DKI JAKARTA;JAKARTA UTARA;KOJA;RAWA BADAK SELATAN;5642;1;243;34;5364;182;2;0;159;21;324;0;39;285;6960;0;242;6718;131;0;0;131;2177;27;2082;35;33;
3175011006;DKI JAKARTA;JAKARTA UTARA;KOJA;RAWA BADAK UTARA;5647;1;243;34;5369;183;2;0;160;21;324;0;39;285;6964;0;242;6723;131;0;0;131;2179;27;2084;35;33;
3175011002;DKI JAKARTA;JAKARTA SELATAN;KEBAYORAN BARU;RAWA BARAT;5651;1;243;34;5373;183;2;0;160;21;324;0;39;285;6969;0;242;6727;131;0;0;131;2180;27;2085;35;33;
3175051002;DKI JAKARTA;JAKARTA BARAT;CENGKARENG;RAWA BUAYA;5655;1;244;34;5377;184;2;0;160;21;324;0;39;286;6973;0;242;6731;132;0;0;132;2182;28;2087;35;33;
3175051003;DKI JAKARTA;JAKARTA TIMUR;JATINEGARA;RAWA BUNGA;5660;1;244;34;5381;184;2;0;161;21;324;0;39;286;6978;0;242;6736;132;0;0;132;2183;28;2088;35;33;
3175051001;DKI JAKARTA;JAKARTA SELATAN;PANCORAN;RAWA JATI;5664;1;244;34;5385;184;2;0;161;21;325;0;39;286;6982;0;242;6740;132;0;0;132;2185;28;2090;35;33;
3175051004;DKI JAKARTA;JAKARTA TIMUR;CAKUNG;RAWA TERATE;5668;1;244;34;5389;185;2;0;161;21;325;0;39;286;6986;0;242;6744;132;0;0;132;2186;28;2091;35;33;
3175051005;DKI JAKARTA;JAKARTA TIMUR;PULO GADUNG;RAWAMANGUN;5673;1;244;34;5393;185;2;0;162;21;325;0;39;286;6991;0;242;6748;132;0;0;132;2188;28;2093;35;33;
3175021003;DKI JAKARTA;JAKARTA PUSAT;CEMPAKA PUTIH;RAWASARI;5677;1;244;34;5397;185;2;0;162;21;325;0;39;286;6995;0;242;6753;132;0;0;132;2189;28;2094;35;33;
3175021007;DKI JAKARTA;JAKARTA BARAT;TAMBORA;ROA MALAKA;5681;1;244;35;5402;186;2;0;162;21;325;0;39;287;7000;0;243;6757;133;0;0;133;2191;28;2096;35;33;
3175021004;DKI JAKARTA;JAKARTA UTARA;CILINCING;ROROTAN;5685;1;244;35;5406;186;2;0;163;21;326;0;39;287;7004;0;243;6761;133;0;0;133;2192;28;2097;35;33;
3175021006;DKI JAKARTA;JAKARTA SELATAN;KEBAYORAN BARU;SELONG;5690;1;244;35;5410;186;2;0;163;21;326;0;39;287;7008;0;243;6766;133;0;0;133;2194;28;2099;35;33;
3175021002;DKI JAKARTA;JAKARTA BARAT;KALI DERES;SEMANAN;5694;1;245;35;5414;187;2;0;164;21;326;0;39;287;7013;0;243;6770;133;0;0;133;2195;28;2100;35;33;
3175021001;DKI JAKARTA;JAKARTA UTARA;CILINCING;SEMPER BARAT;5698;1;245;35;5418;187;2;0;164;21;326;0;39;287;7017;0;243;6774;133;0;0;133;2197;28;2101;35;33;
3175021005;DKI JAKARTA;JAKARTA UTARA;CILINCING;SEMPER TIMUR;5703;1;245;35;5422;188;2;0;164;21;326;0;39;287;7022;0;243;6778;133;0;0;133;2198;28;2103;35;33;
3172041001;DKI JAKARTA;JAKARTA SELATAN;KEBAYORAN BARU;SENAYAN;5707;1;245;35;5426;188;2;0;165;21;327;0;39;288;7026;0;243;6783;134;0;0;134;2200;28;2104;35;33;
3172041004;DKI JAKARTA;JAKARTA PUSAT;SENEN;SENEN;5711;1;245;35;5431;188;2;0;165;21;327;0;39;288;7030;0;243;6787;134;0;0;134;2201;28;2106;35;33;
3172041003;DKI JAKARTA;JAKARTA PUSAT;KEMAYORAN;SERDANG;5716;1;245;35;5435;189;2;0;165;21;327;0;39;288;7035;0;243;6791;134;0;0;134;2203;28;2107;35;33;
3172041006;DKI JAKARTA;JAKARTA SELATAN;SETIA BUDI;SETIA BUDI;5720;1;245;35;5439;189;2;0;166;21;327;0;39;288;7039;0;244;6795;134;0;0;134;2204;28;2109;35;33;
3172041007;DKI JAKARTA;JAKARTA TIMUR;CIPAYUNG;SETU;5724;1;245;35;5443;189;2;0;166;21;327;0;39;288;7043;0;244;6800;134;0;0;134;2206;28;2110;35;33;
3172041005;DKI JAKARTA;JAKARTA BARAT;PALMERAH;SLIPI;5729;1;245;35;5447;190;2;0;166;21;328;0;39;288;7048;0;244;6804;134;0;0;134;2207;28;2112;35;33;
3172041002;DKI JAKARTA;JAKARTA BARAT;KEMBANGAN;SRENGSENG;5733;1;245;35;5451;190;2;0;167;21;328;0;39;289;7052;0;244;6808;135;0;0;135;2209;28;2113;35;33;
3172061003;DKI JAKARTA;JAKARTA SELATAN;JAGAKARSA;SRENGSENG SAWAH;5737;1;246;36;5455;190;2;0;167;21;328;0;39;289;7057;0;244;6813;135;0;0;135;2210;28;2115;35;33;
3172061001;DKI JAKARTA;JAKARTA BARAT;KEBON JERUK;SUKABUMI SELATAN;5742;1;246;36;5460;191;2;0;168;21;328;0;39;289;7061;0;244;6817;135;0;0;135;2212;28;2116;35;33;
3172061002;DKI JAKARTA;JAKARTA BARAT;KEBON JERUK;SUKABUMI UTARA;5746;1;246;36;5464;191;2;0;168;21;328;0;39;289;7065;0;244;6821;135;0;0;135;2213;28;2118;35;33;
3172031001;DKI JAKARTA;JAKARTA UTARA;CILINCING;SUKAPURA;5750;1;246;36;5468;191;2;0;168;21;329;0;39;289;7070;0;244;6825;135;0;0;135;2215;28;2119;35;33;
3172031003;DKI JAKARTA;JAKARTA PUSAT;KEMAYORAN;SUMUR BATU;5755;1;246;36;5472;192;2;0;169;21;329;0;39;289;7074;0;244;6830;135;0;0;135;2216;28;2121;35;33;
3172031006;DKI JAKARTA;JAKARTA UTARA;TANJUNG PRIOK;SUNGAI BAMBU;5759;1;246;36;5476;192;2;0;169;21;329;0;39;290;7079;0;245;6834;136;0;0;136;2218;28;2122;35;33;
3172031004;DKI JAKARTA;JAKARTA UTARA;TANJUNG PRIOK;SUNTER AGUNG;5763;1;246;36;5480;193;2;0;169;21;329;0;39;290;7083;0;245;6838;136;0;0;136;2219;28;2123;35;33;
3172031005;DKI JAKARTA;JAKARTA UTARA;TANJUNG PRIOK;SUNTER JAYA;5767;1;246;36;5484;193;2;0;170;21;329;0;40;290;7087;0;245;6843;136;0;0;136;2221;28;2125;35;33;
3172031002;DKI JAKARTA;JAKARTA TIMUR;CIRACAS;SUSUKAN;5772;1;246;36;5489;193;2;0;170;21;330;0;40;290;7092;0;245;6847;136;0;0;136;2222;28;2126;35;33;
3172051003;DKI JAKARTA;JAKARTA BARAT;TAMAN SARI;TAMAN SARI;5776;1;246;36;5493;194;2;0;170;21;330;0;40;290;7096;0;245;6851;136;0;0;136;2224;28;2128;35;33;
3172051002;DKI JAKARTA;JAKARTA BARAT;TAMBORA;TAMBORA;5780;1;247;36;5497;194;2;0;171;21;330;0;40;290;7101;0;245;6855;136;0;0;136;2225;28;2129;35;33;
3172051001;DKI JAKARTA;JAKARTA BARAT;TAMBORA;TANAH SEREAL;5785;1;247;36;5501;194;2;0;171;21;330;0;40;291;7105;0;245;6860;137;0;0;137;2227;28;2131;35;33;
3172011002;DKI JAKARTA;JAKARTA PUSAT;JOHAR BARU;TANAH TINGGI;5789;1;247;36;5505;195;2;0;172;21;330;0;40;291;7109;0;245;6864;137;0;0;137;2228;28;2132;35;33;
3172011003;DKI JAKARTA;JAKARTA BARAT;TAMAN SARI;TANGKI;5793;1;247;36;5509;195;2;0;172;21;331;0;40;291;7114;0;245;6868;137;0;0;137;2230;28;2134;35;33;
3172011004;DKI JAKARTA;JAKARTA SELATAN;JAGAKARSA;TANJUNG BARAT;5798;1;247;37;5513;195;2;0;172;21;331;0;40;291;7118;0;246;6873;137;0;0;137;2231;28;2135;35;33;
3172011001;DKI JAKARTA;JAKARTA BARAT;GROGOL PETAMBURAN;TANJUNG DUREN SELATAN;5802;1;247;37;5517;196;2;0;173;21;331;0;40;291;7122;0;246;6877;137;0;0;137;2233;28;2137;35;33;
3172011005;DKI JAKARTA;JAKARTA BARAT;GROGOL PETAMBURAN;TANJUNG DUREN UTARA;5806;1;247;37;5522;196;2;0;173;21;331;0;40;291;7127;0;246;6881;137;0;0;137;2234;28;2138;35;33;
3172021005;DKI JAKARTA;JAKARTA UTARA;TANJUNG PRIOK;TANJUNG PRIOK;5811;1;247;37;5526;196;2;0;173;21;331;0;40;292;7131;0;246;6885;138;0;0;138;2236;28;2140;35;33;
3172021003;DKI JAKARTA;JAKARTA SELATAN;TEBET;TEBET BARAT;5815;1;247;37;5530;197;2;0;174;21;332;0;40;292;7136;0;246;6890;138;0;0;138;2237;28;2141;35;33;
3172021004;DKI JAKARTA;JAKARTA SELATAN;TEBET;TEBET TIMUR;5819;1;248;37;5534;197;2;0;174;21;332;0;40;292;7140;0;246;6894;138;0;0;138;2239;28;2143;35;33;
3172021006;DKI JAKARTA;JAKARTA BARAT;KALI DERES;TEGAL ALUR;5824;1;248;37;5538;198;2;0;174;21;332;0;40;292;7144;0;246;6898;138;0;0;138;2240;28;2144;35;33;
3172021002;DKI JAKARTA;JAKARTA SELATAN;MAMPANG PRAPATAN;TEGAL PARANG;5828;1;248;37;5542;198;2;0;175;21;332;0;40;292;7149;0;246;6902;138;0;0;138;2242;28;2145;35;33;
3172021001;DKI JAKARTA;JAKARTA BARAT;GROGOL PETAMBURAN;TOMANG;5832;1;248;37;5546;198;2;0;175;21;332;0;40;292;7153;0;246;6907;138;0;0;138;2243;28;2147;36;33;
3172021007;DKI JAKARTA;JAKARTA UTARA;KOJA;TUGU SELATAN;5837;1;248;37;5551;199;2;0;176;21;333;0;40;293;7158;0;247;6911;139;0;0;139;2245;28;2148;36;33;
3101021003;DKI JAKARTA;JAKARTA UTARA;KOJA;TUGU UTARA;5841;1;248;37;5555;199;2;0;176;21;333;0;40;293;7162;0;247;6915;139;0;0;139;2246;28;2150;36;33;
3101021002;DKI JAKARTA;JAKARTA TIMUR;CAKUNG;UJUNG MENTENG;5845;1;248;37;5559;199;2;0;176;21;333;0;40;293;7166;0;247;6920;139;0;0;139;2248;28;2151;36;33;
3101021001;DKI JAKARTA;JAKARTA SELATAN;PESANGGRAHAN;ULUJAMI;5849;1;248;37;5563;200;2;0;177;21;333;0;40;293;7171;0;247;6924;139;0;0;139;2249;28;2153;36;33;
3101011003;DKI JAKARTA;JAKARTA TIMUR;MATRAMAN;UTAN KAYU SELATAN;5854;1;248;37;5567;200;2;0;177;21;333;0;40;293;7175;0;247;6928;139;0;0;139;2251;28;2154;36;33;
3101011002;DKI JAKARTA;JAKARTA TIMUR;MATRAMAN;UTAN KAYU UTARA;5858;1;248;38;5571;200;2;0;177;21;334;0;40;293;7180;0;247;6932;139;0;0;139;2252;28;2156;36;33;
3101011001;DKI JAKARTA;JAKARTA PUSAT;KEMAYORAN;UTAN PANJANG;5862;1;249;38;5575;201;2;0;178;21;334;0;40;294;7184;0;247;6937;140;0;0;140;2253;28;2157;36;33;
